{"textures":{"0":"tlaminecraft:entity/elephantkoi_texture","particle":"#0"},"elements":[{"from":[6.5125,7.736187,5.6668854],"to":[9.4875,8.986187,21.916885],"faces":{"east":{"uv":[12.1875,11.9375,14.21875,12.09375],"tintindex":0,"rotation":0,"texture":"#0"},"south":{"uv":[12.71875,2.9375,13.09375,3.09375],"tintindex":0,"rotation":0,"texture":"#0"},"north":{"uv":[1.5625,11.71875,1.9375,11.875],"tintindex":0,"rotation":0,"texture":"#0"},"west":{"uv":[13.5625,6.375,15.59375,6.53125],"tintindex":0,"rotation":0,"texture":"#0"},"up":{"uv":[12.5625,15.21875,12.1875,13.1875],"tintindex":0,"rotation":0,"texture":"#0"},"down":{"uv":[12.9375,13.1875,12.5625,15.21875],"tintindex":0,"rotation":0,"texture":"#0"}},"rotation":{"origin":[8.0125,8.3170185,5.2959137],"angle":22.5,"axis":"x"}},{"from":[6.525,7.736187,5.4168854],"to":[9.475,8.986187,20.666885],"faces":{"east":{"uv":[13.5625,6.53125,15.46875,6.6875],"tintindex":0,"rotation":0,"texture":"#0"},"south":{"uv":[11.46875,3.90625,11.84375,4.0625],"tintindex":0,"rotation":0,"texture":"#0"},"north":{"uv":[11.46875,3.75,11.84375,3.90625],"tintindex":0,"rotation":0,"texture":"#0"},"west":{"uv":[13.5625,6.6875,15.46875,6.84375],"tintindex":0,"rotation":0,"texture":"#0"},"up":{"uv":[13.6875,9.34375,13.3125,7.4375],"tintindex":0,"rotation":0,"texture":"#0"},"down":{"uv":[6.125,13.4375,5.75,15.34375],"tintindex":0,"rotation":0,"texture":"#0"}}},{"from":[6.5125,7.736187,5.4168854],"to":[9.4875,8.986187,22.166885],"faces":{"east":{"uv":[5.0,2.65625,7.09375,2.8125],"tintindex":0,"rotation":0,"texture":"#0"},"south":{"uv":[11.6875,10.625,12.0625,10.78125],"tintindex":0,"rotation":0,"texture":"#0"},"north":{"uv":[11.46875,4.0625,11.84375,4.21875],"tintindex":0,"rotation":0,"texture":"#0"},"west":{"uv":[5.0,4.78125,7.09375,4.9375],"tintindex":0,"rotation":0,"texture":"#0"},"up":{"uv":[1.9375,11.71875,1.5625,9.625],"tintindex":0,"rotation":0,"texture":"#0"},"down":{"uv":[8.5625,12.8125,8.1875,14.90625],"tintindex":0,"rotation":0,"texture":"#0"}},"rotation":{"origin":[8.0125,8.3170185,5.2959137],"angle":-22.5,"axis":"x"}},{"from":[6.5,7.736187,5.9168854],"to":[9.5,8.986187,15.916885],"faces":{"east":{"uv":[9.6875,6.125,10.9375,6.28125],"tintindex":0,"rotation":0,"texture":"#0"},"south":{"uv":[12.71875,3.25,13.09375,3.40625],"tintindex":0,"rotation":0,"texture":"#0"},"north":{"uv":[12.71875,3.09375,13.09375,3.25],"tintindex":0,"rotation":0,"texture":"#0"},"west":{"uv":[9.6875,6.28125,10.9375,6.4375],"tintindex":0,"rotation":0,"texture":"#0"},"up":{"uv":[13.6875,10.59375,13.3125,9.34375],"tintindex":0,"rotation":0,"texture":"#0"},"down":{"uv":[4.03125,13.53125,3.65625,14.78125],"tintindex":0,"rotation":0,"texture":"#0"}},"rotation":{"origin":[8.0,8.3170185,5.2959137],"angle":45.0,"axis":"x"}},{"from":[6.75,1.236187,5.4168854],"to":[9.25,23.736187,20.416885],"faces":{"east":{"uv":[7.25,7.25,9.125,10.0625],"tintindex":0,"rotation":0,"texture":"#0"},"south":{"uv":[7.875,12.8125,8.1875,15.625],"tintindex":0,"rotation":0,"texture":"#0"},"north":{"uv":[11.875,12.71875,12.1875,15.53125],"tintindex":0,"rotation":0,"texture":"#0"},"west":{"uv":[7.25,0.0,9.125,2.8125],"tintindex":0,"rotation":0,"texture":"#0"},"up":{"uv":[7.0625,15.3125,6.75,13.4375],"tintindex":0,"rotation":0,"texture":"#0"},"down":{"uv":[7.375,13.4375,7.0625,15.3125],"tintindex":0,"rotation":0,"texture":"#0"}}},{"from":[6.5,7.736187,5.6668854],"to":[9.5,8.986187,26.916885],"faces":{"east":{"uv":[12.1875,11.625,14.84375,11.78125],"tintindex":0,"rotation":0,"texture":"#0"},"south":{"uv":[11.6875,10.9375,12.0625,11.09375],"tintindex":0,"rotation":0,"texture":"#0"},"north":{"uv":[11.6875,10.78125,12.0625,10.9375],"tintindex":0,"rotation":0,"texture":"#0"},"west":{"uv":[12.1875,11.78125,14.84375,11.9375],"tintindex":0,"rotation":0,"texture":"#0"},"up":{"uv":[3.65625,14.53125,3.28125,11.875],"tintindex":0,"rotation":0,"texture":"#0"},"down":{"uv":[7.875,12.8125,7.5,15.46875],"tintindex":0,"rotation":0,"texture":"#0"}},"rotation":{"origin":[8.0,8.3170185,5.2959137],"angle":-45.0,"axis":"x"}},{"from":[6.5125,8.43799,5.126745],"to":[9.4875,23.93799,6.376745],"faces":{"east":{"uv":[9.125,8.78125,11.0625,8.9375],"tintindex":0,"rotation":90,"texture":"#0"},"south":{"uv":[13.6875,13.3125,13.3125,15.25],"tintindex":0,"rotation":0,"texture":"#0"},"north":{"uv":[13.3125,15.125,12.9375,13.1875],"tintindex":0,"rotation":180,"texture":"#0"},"west":{"uv":[9.125,8.9375,11.0625,9.09375],"tintindex":0,"rotation":270,"texture":"#0"},"up":{"uv":[13.09375,3.09375,13.46875,3.25],"tintindex":0,"rotation":0,"texture":"#0"},"down":{"uv":[13.09375,2.9375,13.46875,3.09375],"tintindex":0,"rotation":180,"texture":"#0"}}}],"display":{"head":{"rotation":[0.0,0.0,0.0]},"firstperson_righthand":{"rotation":[0.0,0.0,0.0]},"thirdperson_lefthand":{"rotation":[0.0,-0.0,-0.0]},"firstperson_lefthand":{"rotation":[0.0,-0.0,-0.0]},"fixed":{"rotation":[0.0,0.0,0.0]},"ground":{"rotation":[0.0,0.0,0.0]},"thirdperson_righthand":{"rotation":[0.0,0.0,0.0]},"gui":{"rotation":[-150.0,-45.0,180.0]}}}