{"textures":{"0":"tlaminecraft:entity/elephantkoi_texture"},"elements":[{"from":[-10.0,7.3333335,1.333333],"to":[8.333333,9.0,13.666667],"faces":{"east":{"uv":[9.6875,6.4375,10.84375,6.59375],"tintindex":0,"rotation":0,"texture":"#0"},"south":{"uv":[13.5625,6.84375,15.28125,7.0],"tintindex":0,"rotation":0,"texture":"#0"},"north":{"uv":[7.25,7.0625,8.96875,7.21875],"tintindex":0,"rotation":0,"texture":"#0"},"west":{"uv":[9.6875,6.59375,10.84375,6.75],"tintindex":0,"rotation":0,"texture":"#0"},"up":{"uv":[7.46875,12.78125,5.75,11.625],"tintindex":0,"rotation":0,"texture":"#0"},"down":{"uv":[7.46875,11.625,5.75,12.78125],"tintindex":0,"rotation":0,"texture":"#0"}}}],"display":{"gui":{"rotation":[30,225,0]}}}