{"textures":{"0":"tlaminecraft:entity/elephantkoi_texture","particle":"#0"},"elements":[{"from":[-12.689341,6.6464467,3.1893396],"to":[12.31066,9.146446,17.189339],"faces":{"east":{"uv":[6.28125,2.34375,7.15625,2.5],"tintindex":0,"rotation":0,"texture":"#0"},"south":{"uv":[13.65625,5.125,15.21875,5.28125],"tintindex":0,"rotation":0,"texture":"#0"},"north":{"uv":[13.65625,4.96875,15.21875,5.125],"tintindex":0,"rotation":0,"texture":"#0"},"west":{"uv":[6.28125,2.5,7.15625,2.65625],"tintindex":0,"rotation":0,"texture":"#0"},"up":{"uv":[1.5625,12.84375,0.0,11.96875],"tintindex":0,"rotation":0,"texture":"#0"},"down":{"uv":[11.875,12.71875,10.3125,13.59375],"tintindex":0,"rotation":0,"texture":"#0"}}}],"display":{"head":{"rotation":[-35.26439,30.0,54.73561]},"firstperson_righthand":{"rotation":[-35.26439,30.0,54.73561]},"thirdperson_lefthand":{"rotation":[-35.26439,-30.0,-54.73561]},"firstperson_lefthand":{"rotation":[-35.26439,-30.0,-54.73561]},"fixed":{"rotation":[-35.26439,30.0,54.73561]},"ground":{"rotation":[-35.26439,30.0,54.73561]},"thirdperson_righthand":{"rotation":[-35.26439,30.0,54.73561]},"gui":{"rotation":[-76.32495,-58.600285,-73.67505]}}}