{"textures":{"0":"tlaminecraft:entity/elephantkoi_texture"},"elements":[{"from":[-0.33333397,-0.666667,7.6666665],"to":[16.333334,16.0,27.666668],"faces":{"east":{"uv":[11.0625,7.5,12.9375,9.0625],"tintindex":0,"rotation":0,"texture":"#0"},"south":{"uv":[11.3125,9.0625,12.875,10.625],"tintindex":0,"rotation":0,"texture":"#0"},"north":{"uv":[11.15625,1.875,12.71875,3.4375],"tintindex":0,"rotation":0,"texture":"#0"},"west":{"uv":[10.3125,11.15625,12.1875,12.71875],"tintindex":0,"rotation":0,"texture":"#0"},"up":{"uv":[9.0,4.6875,7.4375,2.8125],"tintindex":0,"rotation":0,"texture":"#0"},"down":{"uv":[9.0,2.8125,7.4375,4.6875],"tintindex":0,"rotation":0,"texture":"#0"}}}],"display":{"gui":{"rotation":[30,225,0]}}}