{"textures":{"0":"tlaminecraft:entity/elephantkoi_texture"},"elements":[{"from":[7.6666665,7.3333335,1.333333],"to":[26.0,9.0,13.666667],"faces":{"east":{"uv":[13.65625,5.59375,14.8125,5.75],"tintindex":0,"rotation":0,"texture":"#0"},"south":{"uv":[13.5625,7.15625,15.28125,7.3125],"tintindex":0,"rotation":0,"texture":"#0"},"north":{"uv":[13.5625,7.0,15.28125,7.15625],"tintindex":0,"rotation":0,"texture":"#0"},"west":{"uv":[13.6875,9.6875,14.84375,9.84375],"tintindex":0,"rotation":0,"texture":"#0"},"up":{"uv":[13.65625,4.59375,11.9375,3.4375],"tintindex":0,"rotation":0,"texture":"#0"},"down":{"uv":[13.65625,3.4375,11.9375,4.59375],"tintindex":0,"rotation":0,"texture":"#0"}}}],"display":{"gui":{"rotation":[30,225,0]}}}