{"textures":{"0":"tlaminecraft:entity/elephantkoi_texture","particle":"#0"},"elements":[{"from":[3.6893396,6.6464467,3.1893396],"to":[28.68934,9.146446,17.189339],"faces":{"east":{"uv":[6.3125,9.46875,7.1875,9.625],"tintindex":0,"rotation":0,"texture":"#0"},"south":{"uv":[13.65625,5.4375,15.21875,5.59375],"tintindex":0,"rotation":0,"texture":"#0"},"north":{"uv":[13.65625,5.28125,15.21875,5.4375],"tintindex":0,"rotation":0,"texture":"#0"},"west":{"uv":[6.3125,9.625,7.1875,9.78125],"tintindex":0,"rotation":0,"texture":"#0"},"up":{"uv":[14.28125,0.875,12.71875,0.0],"tintindex":0,"rotation":0,"texture":"#0"},"down":{"uv":[14.28125,0.875,12.71875,1.75],"tintindex":0,"rotation":0,"texture":"#0"}}}],"display":{"head":{"rotation":[-35.26439,-30.0,-54.73561]},"firstperson_righthand":{"rotation":[-35.26439,-30.0,-54.73561]},"thirdperson_lefthand":{"rotation":[-35.26439,30.0,54.73561]},"firstperson_lefthand":{"rotation":[-35.26439,30.0,54.73561]},"fixed":{"rotation":[-35.26439,-30.0,-54.73561]},"ground":{"rotation":[-35.26439,-30.0,-54.73561]},"thirdperson_righthand":{"rotation":[-35.26439,-30.0,-54.73561]},"gui":{"rotation":[-119.63881,-8.421058,149.63881]}}}