{"textures":{"0":"tlaminecraft:entity/elephantkoi_texture","particle":"#0"},"elements":[{"from":[5.0,8.005482,14.896194],"to":[11.0,27.505482,17.396194],"faces":{"east":{"uv":[13.6875,13.6875,13.84375,14.875],"tintindex":0,"rotation":0,"texture":"#0"},"south":{"uv":[4.40625,13.53125,4.78125,14.71875],"tintindex":0,"rotation":0,"texture":"#0"},"north":{"uv":[4.03125,13.53125,4.40625,14.71875],"tintindex":0,"rotation":0,"texture":"#0"},"west":{"uv":[13.6875,7.3125,13.84375,8.5],"tintindex":0,"rotation":0,"texture":"#0"},"up":{"uv":[11.6875,10.9375,11.3125,10.78125],"tintindex":0,"rotation":0,"texture":"#0"},"down":{"uv":[11.6875,10.9375,11.3125,11.09375],"tintindex":0,"rotation":0,"texture":"#0"}}},{"from":[5.0,8.005482,22.896194],"to":[11.0,27.505482,25.396194],"faces":{"east":{"uv":[13.6875,8.5,13.84375,9.6875],"tintindex":0,"rotation":0,"texture":"#0"},"south":{"uv":[5.15625,13.53125,5.53125,14.71875],"tintindex":0,"rotation":0,"texture":"#0"},"north":{"uv":[4.78125,13.53125,5.15625,14.71875],"tintindex":0,"rotation":0,"texture":"#0"},"west":{"uv":[13.78125,1.75,13.9375,2.9375],"tintindex":0,"rotation":0,"texture":"#0"},"up":{"uv":[11.84375,3.59375,11.46875,3.4375],"tintindex":0,"rotation":0,"texture":"#0"},"down":{"uv":[11.84375,3.59375,11.46875,3.75],"tintindex":0,"rotation":0,"texture":"#0"}}},{"from":[5.5,8.005482,7.8961945],"to":[10.5,27.005482,24.896194],"faces":{"east":{"uv":[7.46875,11.625,8.53125,12.8125],"tintindex":0,"rotation":0,"texture":"#0"},"south":{"uv":[10.375,13.59375,10.6875,14.78125],"tintindex":0,"rotation":0,"texture":"#0"},"north":{"uv":[10.0625,13.59375,10.375,14.78125],"tintindex":0,"rotation":0,"texture":"#0"},"west":{"uv":[12.71875,1.75,13.78125,2.9375],"tintindex":0,"rotation":0,"texture":"#0"},"up":{"uv":[8.875,11.125,8.5625,10.0625],"tintindex":0,"rotation":0,"texture":"#0"},"down":{"uv":[13.1875,9.46875,12.875,10.53125],"tintindex":0,"rotation":0,"texture":"#0"}}}],"display":{"head":{"rotation":[0.0,0.0,0.0]},"firstperson_righthand":{"rotation":[0.0,0.0,0.0]},"thirdperson_lefthand":{"rotation":[0.0,-0.0,-0.0]},"firstperson_lefthand":{"rotation":[0.0,-0.0,-0.0]},"fixed":{"rotation":[0.0,0.0,0.0]},"ground":{"rotation":[0.0,0.0,0.0]},"thirdperson_righthand":{"rotation":[0.0,0.0,0.0]},"gui":{"rotation":[-150.0,-45.0,180.0]}}}