{"file_name":"body","texture_size":[64,64],"textures":{"32a5c3ef-045a-0348-1e27-961915f4782b":"modelengine:entity/otterpenguin_texture"},"elements":[{"name":"body_upper","from":[6.05,13.55,6.2],"to":[9.950001,17.150002,9.8],"rotation":{"angle":0.0,"axis":"x","origin":[7.19,13.55,8.0]},"faces":{"down":{"uv":[3.75,0.0,4.75,1.0],"rotation":0,"texture":"#32a5c3ef-045a-0348-1e27-961915f4782b","tintindex":0},"east":{"uv":[2.0,3.5,3.0,4.5],"rotation":0,"texture":"#32a5c3ef-045a-0348-1e27-961915f4782b","tintindex":0},"north":{"uv":[3.25,2.25,4.25,3.25],"rotation":0,"texture":"#32a5c3ef-045a-0348-1e27-961915f4782b","tintindex":0},"south":{"uv":[3.5,1.0,4.5,2.0],"rotation":0,"texture":"#32a5c3ef-045a-0348-1e27-961915f4782b","tintindex":0},"up":{"uv":[2.0,4.75,1.0,3.75],"rotation":0,"texture":"#32a5c3ef-045a-0348-1e27-961915f4782b","tintindex":0},"west":{"uv":[0.0,3.75,1.0,4.75],"rotation":0,"texture":"#32a5c3ef-045a-0348-1e27-961915f4782b","tintindex":0}}},{"name":"cube","from":[6.065,13.55,5.6],"to":[9.935,15.35,6.2],"rotation":{"angle":22.5,"axis":"x","origin":[8.030001,13.55,5.6]},"faces":{"down":{"uv":[1.6125,0.0,0.0,0.25],"rotation":0,"texture":"#32a5c3ef-045a-0348-1e27-961915f4782b","tintindex":0},"east":{"uv":[0.0,0.0,0.25,0.75],"rotation":0,"texture":"#32a5c3ef-045a-0348-1e27-961915f4782b","tintindex":0},"north":{"uv":[0.0,0.0,1.6125,0.75],"rotation":0,"texture":"#32a5c3ef-045a-0348-1e27-961915f4782b","tintindex":0},"south":{"uv":[0.0,0.0,1.6125,0.75],"rotation":0,"texture":"#32a5c3ef-045a-0348-1e27-961915f4782b","tintindex":0},"up":{"uv":[0.0,0.0,1.6125,0.25],"rotation":0,"texture":"#32a5c3ef-045a-0348-1e27-961915f4782b","tintindex":0},"west":{"uv":[0.0,0.0,0.25,0.75],"rotation":0,"texture":"#32a5c3ef-045a-0348-1e27-961915f4782b","tintindex":0}}},{"name":"body_lower","from":[5.8849998,9.05,5.6],"to":[10.115,13.55,9.8],"rotation":{"angle":0.0,"axis":"x","origin":[7.415,9.05,8.0]},"faces":{"down":{"uv":[2.5,0.0,3.75,1.0],"rotation":0,"texture":"#32a5c3ef-045a-0348-1e27-961915f4782b","tintindex":0},"east":{"uv":[0.0,2.5,1.0,3.75],"rotation":0,"texture":"#32a5c3ef-045a-0348-1e27-961915f4782b","tintindex":0},"north":{"uv":[0.0,0.0,1.25,1.25],"rotation":0,"texture":"#32a5c3ef-045a-0348-1e27-961915f4782b","tintindex":0},"south":{"uv":[0.0,1.25,1.25,2.5],"rotation":0,"texture":"#32a5c3ef-045a-0348-1e27-961915f4782b","tintindex":0},"up":{"uv":[3.25,3.5,2.0,2.5],"rotation":0,"texture":"#32a5c3ef-045a-0348-1e27-961915f4782b","tintindex":0},"west":{"uv":[1.0,2.5,2.0,3.75],"rotation":0,"texture":"#32a5c3ef-045a-0348-1e27-961915f4782b","tintindex":0}}},{"name":"web","from":[8.7065,6.26,5.75],"to":[9.7865,6.26,5.8849998],"rotation":{"angle":0.0,"axis":"x","origin":[8.9765005,6.17,6.5150003]},"faces":{"down":{"uv":[8.0,3.75,7.5,4.0],"rotation":0,"texture":"#32a5c3ef-045a-0348-1e27-961915f4782b","tintindex":0},"east":{"uv":[0.25,0.0,0.0,0.0],"rotation":0,"texture":"#32a5c3ef-045a-0348-1e27-961915f4782b","tintindex":0},"north":{"uv":[0.5,0.0,0.0,0.0],"rotation":0,"texture":"#32a5c3ef-045a-0348-1e27-961915f4782b","tintindex":0},"south":{"uv":[0.5,0.0,0.0,0.0],"rotation":0,"texture":"#32a5c3ef-045a-0348-1e27-961915f4782b","tintindex":0},"up":{"uv":[7.5,3.75,8.0,3.5],"rotation":0,"texture":"#32a5c3ef-045a-0348-1e27-961915f4782b","tintindex":0},"west":{"uv":[0.25,0.0,0.0,0.0],"rotation":0,"texture":"#32a5c3ef-045a-0348-1e27-961915f4782b","tintindex":0}}}],"display":{"head":{"translation":[0.0,-6.4,0.0],"rotation":[0.0,0.0,0.0],"scale":[3.8095,3.8095,3.8095]},"gui":{"translation":[0.0,0.0,0.0],"rotation":[35.0,225.0,0.0],"scale":[0.625,0.625,0.625]}}}