{"file_name":"head","texture_size":[64,64],"textures":{"32a5c3ef-045a-0348-1e27-961915f4782b":"modelengine:entity/otterpenguin_texture"},"elements":[{"name":"h_head_base","from":[6.344,8.402,5.408],"to":[9.656,11.102,9.728001],"rotation":{"angle":0.0,"axis":"x","origin":[8.1008,7.9700003,8.0]},"faces":{"down":{"uv":[1.25,0.0,2.5,1.25],"rotation":0,"texture":"#32a5c3ef-045a-0348-1e27-961915f4782b","tintindex":0},"east":{"uv":[4.5,1.0,5.75,1.75],"rotation":0,"texture":"#32a5c3ef-045a-0348-1e27-961915f4782b","tintindex":0},"north":{"uv":[3.0,4.5,4.25,5.25],"rotation":0,"texture":"#32a5c3ef-045a-0348-1e27-961915f4782b","tintindex":0},"south":{"uv":[0.0,4.75,1.25,5.5],"rotation":0,"texture":"#32a5c3ef-045a-0348-1e27-961915f4782b","tintindex":0},"up":{"uv":[2.5,2.5,1.25,1.25],"rotation":0,"texture":"#32a5c3ef-045a-0348-1e27-961915f4782b","tintindex":0},"west":{"uv":[4.75,0.0,6.0,0.75],"rotation":0,"texture":"#32a5c3ef-045a-0348-1e27-961915f4782b","tintindex":0}}},{"name":"h_head_base","from":[8.432,7.9700003,5.408],"to":[9.656,8.402,9.728001],"rotation":{"angle":0.0,"axis":"x","origin":[8.3888,7.106,8.0]},"faces":{"down":{"uv":[0.5,5.5,1.0,6.75],"rotation":0,"texture":"#32a5c3ef-045a-0348-1e27-961915f4782b","tintindex":0},"east":{"uv":[6.5,1.25,7.75,1.5],"rotation":0,"texture":"#32a5c3ef-045a-0348-1e27-961915f4782b","tintindex":0},"north":{"uv":[7.5,4.0,8.0,4.25],"rotation":0,"texture":"#32a5c3ef-045a-0348-1e27-961915f4782b","tintindex":0},"south":{"uv":[7.5,5.75,8.0,6.0],"rotation":0,"texture":"#32a5c3ef-045a-0348-1e27-961915f4782b","tintindex":0},"up":{"uv":[0.5,6.75,0.0,5.5],"rotation":0,"texture":"#32a5c3ef-045a-0348-1e27-961915f4782b","tintindex":0},"west":{"uv":[6.5,1.5,7.75,1.75],"rotation":0,"texture":"#32a5c3ef-045a-0348-1e27-961915f4782b","tintindex":0}}},{"name":"h_head_base","from":[7.538,7.9970007,6.2929997],"to":[8.438,8.402,9.728001],"rotation":{"angle":0.0,"axis":"x","origin":[8.393,7.097,8.003]},"faces":{"down":{"uv":[0.5,5.5,1.0,6.75],"rotation":0,"texture":"#32a5c3ef-045a-0348-1e27-961915f4782b","tintindex":0},"east":{"uv":[6.5,1.25,7.75,1.5],"rotation":0,"texture":"#32a5c3ef-045a-0348-1e27-961915f4782b","tintindex":0},"north":{"uv":[7.5,4.0,8.0,4.25],"rotation":0,"texture":"#32a5c3ef-045a-0348-1e27-961915f4782b","tintindex":0},"south":{"uv":[7.5,5.75,8.0,6.0],"rotation":0,"texture":"#32a5c3ef-045a-0348-1e27-961915f4782b","tintindex":0},"up":{"uv":[1.0,6.5,0.5,5.25],"rotation":0,"texture":"#32a5c3ef-045a-0348-1e27-961915f4782b","tintindex":0},"west":{"uv":[6.5,1.5,7.75,1.75],"rotation":0,"texture":"#32a5c3ef-045a-0348-1e27-961915f4782b","tintindex":0}}},{"name":"h_head_base","from":[6.344,7.9700003,5.408],"to":[7.538,8.402,9.728001],"rotation":{"angle":0.0,"axis":"x","origin":[7.6112003,7.106,8.0]},"faces":{"down":{"uv":[2.5,5.5,3.0,6.75],"rotation":0,"texture":"#32a5c3ef-045a-0348-1e27-961915f4782b","tintindex":0},"east":{"uv":[6.5,1.75,7.75,2.0],"rotation":0,"texture":"#32a5c3ef-045a-0348-1e27-961915f4782b","tintindex":0},"north":{"uv":[7.5,6.5,8.0,6.75],"rotation":0,"texture":"#32a5c3ef-045a-0348-1e27-961915f4782b","tintindex":0},"south":{"uv":[5.5,7.75,6.0,8.0],"rotation":0,"texture":"#32a5c3ef-045a-0348-1e27-961915f4782b","tintindex":0},"up":{"uv":[2.5,6.75,2.0,5.5],"rotation":0,"texture":"#32a5c3ef-045a-0348-1e27-961915f4782b","tintindex":0},"west":{"uv":[6.5,2.0,7.75,2.25],"rotation":0,"texture":"#32a5c3ef-045a-0348-1e27-961915f4782b","tintindex":0}}},{"name":"h_head_top","from":[6.488,11.125999,5.84],"to":[9.512001,11.558001,9.296],"rotation":{"angle":0.0,"axis":"x","origin":[8.216,11.125999,8.0]},"faces":{"down":{"uv":[4.25,2.0,5.25,3.0],"rotation":0,"texture":"#32a5c3ef-045a-0348-1e27-961915f4782b","tintindex":0},"east":{"uv":[6.5,5.5,7.5,5.75],"rotation":0,"texture":"#32a5c3ef-045a-0348-1e27-961915f4782b","tintindex":0},"north":{"uv":[6.5,5.25,7.5,5.5],"rotation":0,"texture":"#32a5c3ef-045a-0348-1e27-961915f4782b","tintindex":0},"south":{"uv":[6.5,5.75,7.5,6.0],"rotation":0,"texture":"#32a5c3ef-045a-0348-1e27-961915f4782b","tintindex":0},"up":{"uv":[5.25,5.25,4.25,4.25],"rotation":0,"texture":"#32a5c3ef-045a-0348-1e27-961915f4782b","tintindex":0},"west":{"uv":[0.0,6.75,1.0,7.0],"rotation":0,"texture":"#32a5c3ef-045a-0348-1e27-961915f4782b","tintindex":0}}},{"name":"neck","from":[6.74,8.0,6.74],"to":[9.26,8.9,9.26],"rotation":{"angle":0.0,"axis":"x","origin":[6.6499996,8.0,8.45]},"faces":{"down":{"uv":[5.75,0.75,6.5,1.5],"rotation":0,"texture":"#32a5c3ef-045a-0348-1e27-961915f4782b","tintindex":0},"east":{"uv":[7.0,5.0,7.75,5.25],"rotation":0,"texture":"#32a5c3ef-045a-0348-1e27-961915f4782b","tintindex":0},"north":{"uv":[7.0,4.75,7.75,5.0],"rotation":0,"texture":"#32a5c3ef-045a-0348-1e27-961915f4782b","tintindex":0},"south":{"uv":[4.0,7.25,4.75,7.5],"rotation":0,"texture":"#32a5c3ef-045a-0348-1e27-961915f4782b","tintindex":0},"up":{"uv":[1.75,6.5,1.0,5.75],"rotation":0,"texture":"#32a5c3ef-045a-0348-1e27-961915f4782b","tintindex":0},"west":{"uv":[4.75,7.25,5.5,7.5],"rotation":0,"texture":"#32a5c3ef-045a-0348-1e27-961915f4782b","tintindex":0}}},{"name":"h_nose","from":[7.568,8.834,4.976],"to":[8.432,9.698,5.408],"rotation":{"angle":0.0,"axis":"x","origin":[9.296,8.834,8.0]},"faces":{"down":{"uv":[7.75,0.0,8.0,0.25],"rotation":0,"texture":"#32a5c3ef-045a-0348-1e27-961915f4782b","tintindex":0},"east":{"uv":[5.75,1.5,6.0,1.75],"rotation":0,"texture":"#32a5c3ef-045a-0348-1e27-961915f4782b","tintindex":0},"north":{"uv":[1.0,5.5,1.25,5.75],"rotation":0,"texture":"#32a5c3ef-045a-0348-1e27-961915f4782b","tintindex":0},"south":{"uv":[6.5,7.75,6.75,8.0],"rotation":0,"texture":"#32a5c3ef-045a-0348-1e27-961915f4782b","tintindex":0},"up":{"uv":[8.0,8.0,7.75,7.75],"rotation":0,"texture":"#32a5c3ef-045a-0348-1e27-961915f4782b","tintindex":0},"west":{"uv":[7.5,7.75,7.75,8.0],"rotation":0,"texture":"#32a5c3ef-045a-0348-1e27-961915f4782b","tintindex":0}}},{"name":"h_wisker","from":[7.4102,7.2788,5.3864],"to":[7.4816003,8.6612,5.3864],"rotation":{"angle":-22.5,"axis":"z","origin":[7.4816003,8.6612,5.3864]},"faces":{"down":{"uv":[0.0,0.0,0.25,0.0],"rotation":0,"texture":"#32a5c3ef-045a-0348-1e27-961915f4782b","tintindex":0},"east":{"uv":[0.0,0.0,0.0,0.5],"rotation":0,"texture":"#32a5c3ef-045a-0348-1e27-961915f4782b","tintindex":0},"north":{"uv":[7.5,5.25,7.75,5.75],"rotation":0,"texture":"#32a5c3ef-045a-0348-1e27-961915f4782b","tintindex":0},"south":{"uv":[7.5,7.0,7.75,7.5],"rotation":0,"texture":"#32a5c3ef-045a-0348-1e27-961915f4782b","tintindex":0},"up":{"uv":[0.25,0.0,0.0,0.0],"rotation":0,"texture":"#32a5c3ef-045a-0348-1e27-961915f4782b","tintindex":0},"west":{"uv":[0.0,0.0,0.0,0.5],"rotation":0,"texture":"#32a5c3ef-045a-0348-1e27-961915f4782b","tintindex":0}}},{"name":"h_wisker","from":[8.5184,7.2788,5.3864],"to":[8.5898,8.6612,5.3864],"rotation":{"angle":22.5,"axis":"z","origin":[8.5184,8.6612,5.3864]},"faces":{"down":{"uv":[0.0,0.0,0.25,0.0],"rotation":0,"texture":"#32a5c3ef-045a-0348-1e27-961915f4782b","tintindex":0},"east":{"uv":[0.0,0.0,0.0,0.5],"rotation":0,"texture":"#32a5c3ef-045a-0348-1e27-961915f4782b","tintindex":0},"north":{"uv":[0.5,7.75,0.75,8.25],"rotation":0,"texture":"#32a5c3ef-045a-0348-1e27-961915f4782b","tintindex":0},"south":{"uv":[0.75,7.75,1.0,8.25],"rotation":0,"texture":"#32a5c3ef-045a-0348-1e27-961915f4782b","tintindex":0},"up":{"uv":[0.25,0.0,0.0,0.0],"rotation":0,"texture":"#32a5c3ef-045a-0348-1e27-961915f4782b","tintindex":0},"west":{"uv":[0.0,0.0,0.0,0.5],"rotation":0,"texture":"#32a5c3ef-045a-0348-1e27-961915f4782b","tintindex":0}}},{"name":"h_wisker","from":[7.3022,7.5379996,5.3864],"to":[7.3736,8.6612,5.3864],"rotation":{"angle":-22.5,"axis":"z","origin":[7.3736,8.6612,5.3864]},"faces":{"down":{"uv":[0.0,0.0,0.25,0.0],"rotation":0,"texture":"#32a5c3ef-045a-0348-1e27-961915f4782b","tintindex":0},"east":{"uv":[0.0,0.0,0.0,0.25],"rotation":0,"texture":"#32a5c3ef-045a-0348-1e27-961915f4782b","tintindex":0},"north":{"uv":[5.75,8.25,6.0,8.5],"rotation":0,"texture":"#32a5c3ef-045a-0348-1e27-961915f4782b",