{"file_name":"left_leg","texture_size":[64,64],"textures":{"32a5c3ef-045a-0348-1e27-961915f4782b":"modelengine:entity/otterpenguin_texture"},"elements":[{"name":"leg","from":[7.2935,6.1099997,7.19],"to":[8.9135,8.360001,8.81],"rotation":{"angle":0.0,"axis":"x","origin":[9.903501,6.1099997,6.2]},"faces":{"down":{"uv":[0.0,7.0,0.5,7.5],"rotation":0,"texture":"#32a5c3ef-045a-0348-1e27-961915f4782b","tintindex":0},"east":{"uv":[4.0,6.25,4.5,7.0],"rotation":0,"texture":"#32a5c3ef-045a-0348-1e27-961915f4782b","tintindex":0},"north":{"uv":[3.5,6.25,4.0,7.0],"rotation":0,"texture":"#32a5c3ef-045a-0348-1e27-961915f4782b","tintindex":0},"south":{"uv":[4.5,6.25,5.0,7.0],"rotation":0,"texture":"#32a5c3ef-045a-0348-1e27-961915f4782b","tintindex":0},"up":{"uv":[7.25,6.5,6.75,6.0],"rotation":0,"texture":"#32a5c3ef-045a-0348-1e27-961915f4782b","tintindex":0},"west":{"uv":[5.0,6.25,5.5,7.0],"rotation":0,"texture":"#32a5c3ef-045a-0348-1e27-961915f4782b","tintindex":0}}},{"name":"pad","from":[7.2485,4.7599998,6.6499996],"to":[8.9585,5.3,8.18],"rotation":{"angle":0.0,"axis":"x","origin":[10.848499,4.49,5.75]},"faces":{"down":{"uv":[2.0,7.0,2.5,7.5],"rotation":0,"texture":"#32a5c3ef-045a-0348-1e27-961915f4782b","tintindex":0},"east":{"uv":[7.5,7.5,8.0,7.75],"rotation":0,"texture":"#32a5c3ef-045a-0348-1e27-961915f4782b","tintindex":0},"north":{"uv":[5.0,7.5,5.5,7.75],"rotation":0,"texture":"#32a5c3ef-045a-0348-1e27-961915f4782b","tintindex":0},"south":{"uv":[7.5,1.0,8.0,1.25],"rotation":0,"texture":"#32a5c3ef-045a-0348-1e27-961915f4782b","tintindex":0},"up":{"uv":[1.0,7.5,0.5,7.0],"rotation":0,"texture":"#32a5c3ef-045a-0348-1e27-961915f4782b","tintindex":0},"west":{"uv":[7.5,2.75,8.0,3.0],"rotation":0,"texture":"#32a5c3ef-045a-0348-1e27-961915f4782b","tintindex":0}}},{"name":"pad","from":[7.5635,4.7599998,8.18],"to":[8.6435,5.21,9.26],"rotation":{"angle":0.0,"axis":"x","origin":[10.8935,4.49,8.18]},"faces":{"down":{"uv":[8.0,3.0,8.25,3.25],"rotation":0,"texture":"#32a5c3ef-045a-0348-1e27-961915f4782b","tintindex":0},"east":{"uv":[8.0,2.0,8.25,2.25],"rotation":0,"texture":"#32a5c3ef-045a-0348-1e27-961915f4782b","tintindex":0},"north":{"uv":[8.0,1.75,8.25,2.0],"rotation":0,"texture":"#32a5c3ef-045a-0348-1e27-961915f4782b","tintindex":0},"south":{"uv":[8.0,2.25,8.25,2.5],"rotation":0,"texture":"#32a5c3ef-045a-0348-1e27-961915f4782b","tintindex":0},"up":{"uv":[8.25,3.0,8.0,2.75],"rotation":0,"texture":"#32a5c3ef-045a-0348-1e27-961915f4782b","tintindex":0},"west":{"uv":[8.0,2.5,8.25,2.75],"rotation":0,"texture":"#32a5c3ef-045a-0348-1e27-961915f4782b","tintindex":0}}},{"name":"peg","from":[7.6534996,5.21,7.55],"to":[8.553499,6.1099997,8.45],"rotation":{"angle":0.0,"axis":"x","origin":[10.6235,5.0299997,7.01]},"faces":{"down":{"uv":[8.0,4.5,8.25,4.75],"rotation":0,"texture":"#32a5c3ef-045a-0348-1e27-961915f4782b","tintindex":0},"east":{"uv":[8.0,3.5,8.25,3.75],"rotation":0,"texture":"#32a5c3ef-045a-0348-1e27-961915f4782b","tintindex":0},"north":{"uv":[8.0,3.25,8.25,3.5],"rotation":0,"texture":"#32a5c3ef-045a-0348-1e27-961915f4782b","tintindex":0},"south":{"uv":[8.0,3.75,8.25,4.0],"rotation":0,"texture":"#32a5c3ef-045a-0348-1e27-961915f4782b","tintindex":0},"up":{"uv":[8.25,4.5,8.0,4.25],"rotation":0,"texture":"#32a5c3ef-045a-0348-1e27-961915f4782b","tintindex":0},"west":{"uv":[8.0,4.0,8.25,4.25],"rotation":0,"texture":"#32a5c3ef-045a-0348-1e27-961915f4782b","tintindex":0}}},{"name":"toe1","from":[7.2485,4.7599998,5.75],"to":[7.6985,5.21,6.6499996],"rotation":{"angle":22.5,"axis":"y","origin":[7.6985,5.21,6.6499996]},"faces":{"down":{"uv":[8.0,6.0,8.25,6.25],"rotation":0,"texture":"#32a5c3ef-045a-0348-1e27-961915f4782b","tintindex":0},"east":{"uv":[8.0,5.0,8.25,5.25],"rotation":0,"texture":"#32a5c3ef-045a-0348-1e27-961915f4782b","tintindex":0},"north":{"uv":[8.0,4.75,8.25,5.0],"rotation":0,"texture":"#32a5c3ef-045a-0348-1e27-961915f4782b","tintindex":0},"south":{"uv":[8.0,5.25,8.25,5.5],"rotation":0,"texture":"#32a5c3ef-045a-0348-1e27-961915f4782b","tintindex":0},"up":{"uv":[8.25,6.0,8.0,5.75],"rotation":0,"texture":"#32a5c3ef-045a-0348-1e27-961915f4782b","tintindex":0},"west":{"uv":[8.0,5.5,8.25,5.75],"rotation":0,"texture":"#32a5c3ef-045a-0348-1e27-961915f4782b","tintindex":0}}},{"name":"toe2","from":[7.8785,4.7599998,5.75],"to":[8.3285,5.21,6.6499996],"rotation":{"angle":0.0,"axis":"x","origin":[8.1484995,5.12,6.6499996]},"faces":{"down":{"uv":[1.0,8.25,1.25,8.5],"rotation":0,"texture":"#32a5c3ef-045a-0348-1e27-961915f4782b","tintindex":0},"east":{"uv":[0.0,8.25,0.25,8.5],"rotation":0,"texture":"#32a5c3ef-045a-0348-1e27-961915f4782b","tintindex":0},"north":{"uv":[8.0,7.75,8.25,8.0],"rotation":0,"texture":"#32a5c3ef-045a-0348-1e27-961915f4782b","tintindex":0},"south":{"uv":[0.25,8.25,0.5,8.5],"rotation":0,"texture":"#32a5c3ef-045a-0348-1e27-961915f4782b","tintindex":0},"up":{"uv":[1.0,8.5,0.75,8.25],"rotation":0,"texture":"#32a5c3ef-045a-0348-1e27-961915f4782b","tintindex":0},"west":{"uv":[0.5,8.25,0.75,8.5],"rotation":0,"texture":"#32a5c3ef-045a-0348-1e27-961915f4782b","tintindex":0}}},{"name":"toe3","from":[8.5085,4.7599998,5.75],"to":[8.9585,5.21,6.6499996],"rotation":{"angle":-22.5,"axis":"y","origin":[8.5085,5.21,6.6499996]},"faces":{"down":{"uv":[8.0,7.5,8.25,7.75],"rotation":0,"texture":"#32a5c3ef-045a-0348-1e27-961915f4782b","tintindex":0},"east":{"uv":[8.0,6.5,8.25,6.75],"rotation":0,"texture":"#32a5c3ef-045a-0348-1e27-961915f4782b","tintindex":0},"north":{"uv":[8.0,6.25,8.25,6.5],"rotation":0,"texture":"#32a5c3ef-045a-0348-1e27-961915f4782b","tintindex":0},"south":{"uv":[8.0,6.75,8.25,7.0],"rotation":0,"texture":"#32a5c3ef-045a-0348-1e27-961915f4782b","tintindex":0},"up":{"uv":[8.25,7.5,8.0,7.25],"rotation":0,"texture":"#32a5c3ef-045a-0348-1e27-961915f4782b","tintindex":0},"west":{"uv":[8.0,7.0,8.25,7.25],"rotation":0,"texture":"#32a5c3ef-045a-0348-1e27-961915f4782b","tintindex":0}}},{"name":"nail1","from":[7.3385,4.7599998,5.48],"to":[7.6085,5.0299997,5.75],"rotation":{"angle":22.5,"axis":"y","origin":[7.6985,5.21,6.6499996]},"faces":{"down":{"uv":[2.5,8.25,2.75,8.5],"rotation":0,"texture":"#32a5c3ef-045a-0348-1e27-961915f4782b","tintindex":0},"east":{"uv":[1.5,8.25,1.75,8.5],"rotation":0,"texture":"#32a5c3ef-045a-0348-1e27-961915f4782b","tintindex":0},"north":{"uv":[1.25,8.25,1.5,8.5],"rotation":0,"texture":"#32a5c3ef-045a-0348-1e27-961915f4782b","tintindex":0},"south":{"uv":[1.75,8.25,2.0,8.5],"rotation":0,"texture":"#32a5c3ef-045a-0348-1e27-961915f4782b","tintindex":0},"up":{"uv":[2.5,8.5,2.25,8.25],"rotation":0,"texture":"#32a5c3ef-045a-0348-1e27-961915f4782b","tintindex":0},"west":{"uv":[2.0,8.25,2.25,8.5],"rotation":0,"texture":"#32a5c3ef-045a-0348-1e27-961915f4782b","tintindex":0}}},{"name":"nail2","from":[7.9685,4.7599998,5.48],"to":[8.238501,5.0299997,5.75],"rotation":{"angle":0.0,"axis":"x","origin":[8.1484995,5.12,5.75]},"faces":{"down":{"uv":[4.0,8.25,4.25,8.5],"rotation":0,"texture":"#32a5c3ef-045a-0348-1e27-961915f4782b","tintindex":0},"east":{"uv":[3.0,8.25,3.25,8.5],"rotation":0,"texture":"#32a5c3ef-045a-0348-1e27-961915f4782b","tintindex":0},"north":{"uv":[2.75,8.25,3.0,8.5],"rotation":0,"texture":"#32a5c3ef-045a-0348-1e27-961915f4782b","tintindex":0},"south":{"uv":[3.25,8.25,3.5,8.5],"rotation":0,"texture":"#32a5c3ef-045a-0348-1e27-961915f4782b","tintindex":0},"up":{"uv":[4.0,8.5,3.75,8.25],"rotation":0,"texture":"#32a5c3ef-045a-0348-1e27-961915f4782b","tintindex":0},"west":{"uv":[3.5,8.25,3.75,8.5],"rotation":0,"texture":"#32a5c3ef-045a-0348-1e27-961915f4782b","tintindex":0}}},{"name":"nail3","from":[8.598499,4.7599998,5.48],"to":[8.8685,5.0299997,5.75],"rotation":{"angle":-22.5,"axis":"y","origin":[8.5085,5.21,6.6499996]},"faces":{"down":{"uv":[5.5,8.25,5.75,8.5],"rotation":0,"texture":"#32a5c3ef-045a-0348-1e27-961915f4782b","tintindex":0},"east":{"uv":[4.5,8.25,4.75,8.5],"rotation":0,"texture":"#32a5c3ef-045a-0348-1e27-961915f4782b","tintindex":0},"north":{"uv":[4.25,8.25,4.5,8.5],"rotation":0,"texture":"#32a5c3ef-045a-0348-1e27-961915f4782b",