{"file_name":"right_leg","texture_size":[64,64],"textures":{"32a5c3ef-045a-0348-1e27-961915f4782b":"modelengine:entity/otterpenguin_texture"},"elements":[{"name":"leg","from":[7.0865,6.1099997,7.19],"to":[8.7065,8.360001,8.81],"rotation":{"angle":0.0,"axis":"x","origin":[6.0965,6.1099997,6.2]},"faces":{"down":{"uv":[6.75,2.75,7.25,3.25],"rotation":0,"texture":"#32a5c3ef-045a-0348-1e27-961915f4782b","tintindex":0},"east":{"uv":[6.0,1.5,6.5,2.25],"rotation":0,"texture":"#32a5c3ef-045a-0348-1e27-961915f4782b","tintindex":0},"north":{"uv":[6.0,0.0,6.5,0.75],"rotation":0,"texture":"#32a5c3ef-045a-0348-1e27-961915f4782b","tintindex":0},"south":{"uv":[6.0,2.25,6.5,3.0],"rotation":0,"texture":"#32a5c3ef-045a-0348-1e27-961915f4782b","tintindex":0},"up":{"uv":[7.25,1.0,6.75,0.5],"rotation":0,"texture":"#32a5c3ef-045a-0348-1e27-961915f4782b","tintindex":0},"west":{"uv":[6.0,3.0,6.5,3.75],"rotation":0,"texture":"#32a5c3ef-045a-0348-1e27-961915f4782b","tintindex":0}}},{"name":"pad","from":[7.0415,4.7599998,6.6499996],"to":[8.7515,5.3,8.18],"rotation":{"angle":0.0,"axis":"x","origin":[5.1514997,4.49,5.75]},"faces":{"down":{"uv":[6.75,3.75,7.25,4.25],"rotation":0,"texture":"#32a5c3ef-045a-0348-1e27-961915f4782b","tintindex":0},"east":{"uv":[7.25,6.25,7.75,6.5],"rotation":0,"texture":"#32a5c3ef-045a-0348-1e27-961915f4782b","tintindex":0},"north":{"uv":[7.25,6.0,7.75,6.25],"rotation":0,"texture":"#32a5c3ef-045a-0348-1e27-961915f4782b","tintindex":0},"south":{"uv":[0.5,7.5,1.0,7.75],"rotation":0,"texture":"#32a5c3ef-045a-0348-1e27-961915f4782b","tintindex":0},"up":{"uv":[7.25,3.75,6.75,3.25],"rotation":0,"texture":"#32a5c3ef-045a-0348-1e27-961915f4782b","tintindex":0},"west":{"uv":[2.0,7.5,2.5,7.75],"rotation":0,"texture":"#32a5c3ef-045a-0348-1e27-961915f4782b","tintindex":0}}},{"name":"pad","from":[7.3564997,4.7599998,8.18],"to":[8.436501,5.21,9.26],"rotation":{"angle":0.0,"axis":"x","origin":[5.1064997,4.49,8.18]},"faces":{"down":{"uv":[7.75,4.25,8.0,4.5],"rotation":0,"texture":"#32a5c3ef-045a-0348-1e27-961915f4782b","tintindex":0},"east":{"uv":[7.75,1.75,8.0,2.0],"rotation":0,"texture":"#32a5c3ef-045a-0348-1e27-961915f4782b","tintindex":0},"north":{"uv":[7.75,1.5,8.0,1.75],"rotation":0,"texture":"#32a5c3ef-045a-0348-1e27-961915f4782b","tintindex":0},"south":{"uv":[7.75,2.0,8.0,2.25],"rotation":0,"texture":"#32a5c3ef-045a-0348-1e27-961915f4782b","tintindex":0},"up":{"uv":[8.0,2.75,7.75,2.5],"rotation":0,"texture":"#32a5c3ef-045a-0348-1e27-961915f4782b","tintindex":0},"west":{"uv":[7.75,2.25,8.0,2.5],"rotation":0,"texture":"#32a5c3ef-045a-0348-1e27-961915f4782b","tintindex":0}}},{"name":"peg","from":[7.4465,5.21,7.55],"to":[8.3465,6.1099997,8.45],"rotation":{"angle":0.0,"axis":"x","origin":[5.3765,5.0299997,7.01]},"faces":{"down":{"uv":[7.75,6.0,8.0,6.25],"rotation":0,"texture":"#32a5c3ef-045a-0348-1e27-961915f4782b","tintindex":0},"east":{"uv":[7.75,4.75,8.0,5.0],"rotation":0,"texture":"#32a5c3ef-045a-0348-1e27-961915f4782b","tintindex":0},"north":{"uv":[7.75,4.5,8.0,4.75],"rotation":0,"texture":"#32a5c3ef-045a-0348-1e27-961915f4782b","tintindex":0},"south":{"uv":[7.75,5.0,8.0,5.25],"rotation":0,"texture":"#32a5c3ef-045a-0348-1e27-961915f4782b","tintindex":0},"up":{"uv":[8.0,5.75,7.75,5.5],"rotation":0,"texture":"#32a5c3ef-045a-0348-1e27-961915f4782b","tintindex":0},"west":{"uv":[7.75,5.25,8.0,5.5],"rotation":0,"texture":"#32a5c3ef-045a-0348-1e27-961915f4782b","tintindex":0}}},{"name":"toe2","from":[8.3015,4.7599998,5.75],"to":[8.7515,5.21,6.6499996],"rotation":{"angle":-22.5,"axis":"y","origin":[8.3015,5.21,6.6499996]},"faces":{"down":{"uv":[1.25,8.0,1.5,8.25],"rotation":0,"texture":"#32a5c3ef-045a-0348-1e27-961915f4782b","tintindex":0},"east":{"uv":[7.75,6.75,8.0,7.0],"rotation":0,"texture":"#32a5c3ef-045a-0348-1e27-961915f4782b","tintindex":0},"north":{"uv":[7.75,6.25,8.0,6.5],"rotation":0,"texture":"#32a5c3ef-045a-0348-1e27-961915f4782b","tintindex":0},"south":{"uv":[7.75,7.0,8.0,7.25],"rotation":0,"texture":"#32a5c3ef-045a-0348-1e27-961915f4782b","tintindex":0},"up":{"uv":[1.25,8.25,1.0,8.0],"rotation":0,"texture":"#32a5c3ef-045a-0348-1e27-961915f4782b","tintindex":0},"west":{"uv":[7.75,7.25,8.0,7.5],"rotation":0,"texture":"#32a5c3ef-045a-0348-1e27-961915f4782b","tintindex":0}}},{"name":"toe3","from":[7.0415,4.7599998,5.75],"to":[7.4915,5.21,6.6499996],"rotation":{"angle":22.5,"axis":"y","origin":[7.4915,5.21,6.6499996]},"faces":{"down":{"uv":[3.25,8.0,3.5,8.25],"rotation":0,"texture":"#32a5c3ef-045a-0348-1e27-961915f4782b","tintindex":0},"east":{"uv":[1.75,8.0,2.0,8.25],"rotation":0,"texture":"#32a5c3ef-045a-0348-1e27-961915f4782b","tintindex":0},"north":{"uv":[1.5,8.0,1.75,8.25],"rotation":0,"texture":"#32a5c3ef-045a-0348-1e27-961915f4782b","tintindex":0},"south":{"uv":[2.5,8.0,2.75,8.25],"rotation":0,"texture":"#32a5c3ef-045a-0348-1e27-961915f4782b","tintindex":0},"up":{"uv":[3.25,8.25,3.0,8.0],"rotation":0,"texture":"#32a5c3ef-045a-0348-1e27-961915f4782b","tintindex":0},"west":{"uv":[2.75,8.0,3.0,8.25],"rotation":0,"texture":"#32a5c3ef-045a-0348-1e27-961915f4782b","tintindex":0}}},{"name":"toe4","from":[7.6714997,4.7599998,5.75],"to":[8.1215,5.21,6.6499996],"rotation":{"angle":0.0,"axis":"x","origin":[7.8515,5.12,6.6499996]},"faces":{"down":{"uv":[4.75,8.0,5.0,8.25],"rotation":0,"texture":"#32a5c3ef-045a-0348-1e27-961915f4782b","tintindex":0},"east":{"uv":[3.75,8.0,4.0,8.25],"rotation":0,"texture":"#32a5c3ef-045a-0348-1e27-961915f4782b","tintindex":0},"north":{"uv":[3.5,8.0,3.75,8.25],"rotation":0,"texture":"#32a5c3ef-045a-0348-1e27-961915f4782b","tintindex":0},"south":{"uv":[4.0,8.0,4.25,8.25],"rotation":0,"texture":"#32a5c3ef-045a-0348-1e27-961915f4782b","tintindex":0},"up":{"uv":[4.75,8.25,4.5,8.0],"rotation":0,"texture":"#32a5c3ef-045a-0348-1e27-961915f4782b","tintindex":0},"west":{"uv":[4.25,8.0,4.5,8.25],"rotation":0,"texture":"#32a5c3ef-045a-0348-1e27-961915f4782b","tintindex":0}}},{"name":"nail3","from":[8.3915,4.7599998,5.48],"to":[8.6615,5.0299997,5.75],"rotation":{"angle":-22.5,"axis":"y","origin":[8.3015,5.21,6.6499996]},"faces":{"down":{"uv":[6.75,8.0,7.0,8.25],"rotation":0,"texture":"#32a5c3ef-045a-0348-1e27-961915f4782b","tintindex":0},"east":{"uv":[5.75,8.0,6.0,8.25],"rotation":0,"texture":"#32a5c3ef-045a-0348-1e27-961915f4782b","tintindex":0},"north":{"uv":[5.5,8.0,5.75,8.25],"rotation":0,"texture":"#32a5c3ef-045a-0348-1e27-961915f4782b","tintindex":0},"south":{"uv":[6.0,8.0,6.25,8.25],"rotation":0,"texture":"#32a5c3ef-045a-0348-1e27-961915f4782b","tintindex":0},"up":{"uv":[6.75,8.25,6.5,8.0],"rotation":0,"texture":"#32a5c3ef-045a-0348-1e27-961915f4782b","tintindex":0},"west":{"uv":[6.25,8.0,6.5,8.25],"rotation":0,"texture":"#32a5c3ef-045a-0348-1e27-961915f4782b","tintindex":0}}},{"name":"nail2","from":[7.7615,4.7599998,5.48],"to":[8.0315,5.0299997,5.75],"rotation":{"angle":0.0,"axis":"x","origin":[7.8515,5.12,5.75]},"faces":{"down":{"uv":[8.0,0.0,8.25,0.25],"rotation":0,"texture":"#32a5c3ef-045a-0348-1e27-961915f4782b","tintindex":0},"east":{"uv":[7.25,8.0,7.5,8.25],"rotation":0,"texture":"#32a5c3ef-045a-0348-1e27-961915f4782b","tintindex":0},"north":{"uv":[7.0,8.0,7.25,8.25],"rotation":0,"texture":"#32a5c3ef-045a-0348-1e27-961915f4782b","tintindex":0},"south":{"uv":[7.5,8.0,7.75,8.25],"rotation":0,"texture":"#32a5c3ef-045a-0348-1e27-961915f4782b","tintindex":0},"up":{"uv":[8.25,8.25,8.0,8.0],"rotation":0,"texture":"#32a5c3ef-045a-0348-1e27-961915f4782b","tintindex":0},"west":{"uv":[7.75,8.0,8.0,8.25],"rotation":0,"texture":"#32a5c3ef-045a-0348-1e27-961915f4782b","tintindex":0}}},{"name":"nail1","from":[7.1315,4.7599998,5.48],"to":[7.4015,5.0299997,5.75],"rotation":{"angle":22.5,"axis":"y","origin":[7.4915,5.21,6.6499996]},"faces":{"down":{"uv":[8.0,1.5,8.25,1.75],"rotation":0,"texture":"#32a5c3ef-045a-0348-1e27-961915f4782b","tintindex":0},"east":{"uv":[8.0,0.5,8.25,0.75],"rotation":0,"texture":"#32a5c3ef-045a-0348-1e27-961915f4782b","tintindex":0},"north":{"uv":[8.0,0.25,8.25,0.5],"rotation":0,