{"file_name":"right_bottom_flipper","texture_size":[64,64],"textures":{"32a5c3ef-045a-0348-1e27-961915f4782b":"modelengine:entity/otterpenguin_texture"},"elements":[{"name":"flipper_upper","from":[7.8965,5.0299997,6.6499996],"to":[8.346499,8.179999,9.35],"rotation":{"angle":0.0,"axis":"x","origin":[10.4165,6.74,7.1]},"faces":{"down":{"uv":[1.0,7.25,1.25,8.0],"rotation":0,"texture":"#32a5c3ef-045a-0348-1e27-961915f4782b","tintindex":0},"east":{"uv":[1.25,4.75,2.0,5.75],"rotation":0,"texture":"#32a5c3ef-045a-0348-1e27-961915f4782b","tintindex":0},"north":{"uv":[3.0,3.5,3.25,4.5],"rotation":0,"texture":"#32a5c3ef-045a-0348-1e27-961915f4782b","tintindex":0},"south":{"uv":[6.75,4.25,7.0,5.25],"rotation":0,"texture":"#32a5c3ef-045a-0348-1e27-961915f4782b","tintindex":0},"up":{"uv":[6.0,7.75,5.75,7.0],"rotation":0,"texture":"#32a5c3ef-045a-0348-1e27-961915f4782b","tintindex":0},"west":{"uv":[3.0,5.25,3.75,6.25],"rotation":0,"texture":"#32a5c3ef-045a-0348-1e27-961915f4782b","tintindex":0}}},{"name":"flipper_lower","from":[7.8965,2.7799993,6.6499996],"to":[8.346499,5.0299997,8.45],"rotation":{"angle":0.0,"axis":"x","origin":[10.4165,3.4099994,6.2]},"faces":{"down":{"uv":[4.75,7.5,5.0,8.0],"rotation":0,"texture":"#32a5c3ef-045a-0348-1e27-961915f4782b","tintindex":0},"east":{"uv":[6.0,5.25,6.5,6.0],"rotation":0,"texture":"#32a5c3ef-045a-0348-1e27-961915f4782b","tintindex":0},"north":{"uv":[1.25,7.25,1.5,8.0],"rotation":0,"texture":"#32a5c3ef-045a-0348-1e27-961915f4782b","tintindex":0},"south":{"uv":[1.5,7.25,1.75,8.0],"rotation":0,"texture":"#32a5c3ef-045a-0348-1e27-961915f4782b","tintindex":0},"up":{"uv":[4.75,8.0,4.5,7.5],"rotation":0,"texture":"#32a5c3ef-045a-0348-1e27-961915f4782b","tintindex":0},"west":{"uv":[3.0,6.25,3.5,7.0],"rotation":0,"texture":"#32a5c3ef-045a-0348-1e27-961915f4782b","tintindex":0}}}],"display":{"head":{"translation":[0.0,-6.4,0.0],"rotation":[0.0,0.0,0.0],"scale":[3.8095,3.8095,3.8095]},"gui":{"translation":[0.0,0.0,0.0],"rotation":[35.0,225.0,0.0],"scale":[0.625,0.625,0.625]}}}