{"file_name":"right_top_flipper","texture_size":[64,64],"textures":{"32a5c3ef-045a-0348-1e27-961915f4782b":"modelengine:entity/otterpenguin_texture"},"elements":[{"name":"flipper_upper","from":[7.4886084,4.7575917,6.6499996],"to":[7.938608,7.9075913,9.35],"rotation":{"angle":0.0,"axis":"x","origin":[10.2365,6.74,7.1]},"faces":{"down":{"uv":[6.0,7.25,6.25,8.0],"rotation":0,"texture":"#32a5c3ef-045a-0348-1e27-961915f4782b","tintindex":0},"east":{"uv":[3.75,5.25,4.5,6.25],"rotation":0,"texture":"#32a5c3ef-045a-0348-1e27-961915f4782b","tintindex":0},"north":{"uv":[2.5,7.0,2.75,8.0],"rotation":0,"texture":"#32a5c3ef-045a-0348-1e27-961915f4782b","tintindex":0},"south":{"uv":[2.75,7.0,3.0,8.0],"rotation":0,"texture":"#32a5c3ef-045a-0348-1e27-961915f4782b","tintindex":0},"up":{"uv":[2.0,8.0,1.75,7.25],"rotation":0,"texture":"#32a5c3ef-045a-0348-1e27-961915f4782b","tintindex":0},"west":{"uv":[4.5,5.25,5.25,6.25],"rotation":0,"texture":"#32a5c3ef-045a-0348-1e27-961915f4782b","tintindex":0}}},{"name":"flipper_lower","from":[7.4886084,2.5075917,6.6499996],"to":[7.938608,4.7575917,8.45],"rotation":{"angle":0.0,"axis":"x","origin":[10.2365,3.41,6.2]},"faces":{"down":{"uv":[4.25,7.5,4.5,8.0],"rotation":0,"texture":"#32a5c3ef-045a-0348-1e27-961915f4782b","tintindex":0},"east":{"uv":[6.0,3.75,6.5,4.5],"rotation":0,"texture":"#32a5c3ef-045a-0348-1e27-961915f4782b","tintindex":0},"north":{"uv":[1.75,5.75,2.0,6.5],"rotation":0,"texture":"#32a5c3ef-045a-0348-1e27-961915f4782b","tintindex":0},"south":{"uv":[5.5,7.0,5.75,7.75],"rotation":0,"texture":"#32a5c3ef-045a-0348-1e27-961915f4782b","tintindex":0},"up":{"uv":[4.25,8.0,4.0,7.5],"rotation":0,"texture":"#32a5c3ef-045a-0348-1e27-961915f4782b","tintindex":0},"west":{"uv":[6.0,4.5,6.5,5.25],"rotation":0,"texture":"#32a5c3ef-045a-0348-1e27-961915f4782b","tintindex":0}}}],"display":{"head":{"translation":[0.0,-6.4,0.0],"rotation":[0.0,0.0,0.0],"scale":[3.8095,3.8095,3.8095]},"gui":{"translation":[0.0,0.0,0.0],"rotation":[35.0,225.0,0.0],"scale":[0.625,0.625,0.625]}}}