{"file_name":"body6","texture_size":[512,512],"textures":{"bc9c15d7-5b68-6d28-ab1d-9a0af44f465b":"modelengine:entity/elephantkoi_texture"},"elements":[{"name":"cube","from":[5.8571424,-6.5714264,-4.8571444],"to":[10.142857,32.0,20.857141],"rotation":{"angle":0.0,"axis":"x","origin":[18.714287,11.138571,-19.207382]},"faces":{"down":{"uv":[7.0625,13.4375,7.375,15.3125],"rotation":0,"texture":"#bc9c15d7-5b68-6d28-ab1d-9a0af44f465b","tintindex":0},"east":{"uv":[7.25,7.25,9.125,10.0625],"rotation":0,"texture":"#bc9c15d7-5b68-6d28-ab1d-9a0af44f465b","tintindex":0},"north":{"uv":[11.875,12.71875,12.1875,15.53125],"rotation":0,"texture":"#bc9c15d7-5b68-6d28-ab1d-9a0af44f465b","tintindex":0},"south":{"uv":[7.875,12.8125,8.1875,15.625],"rotation":0,"texture":"#bc9c15d7-5b68-6d28-ab1d-9a0af44f465b","tintindex":0},"up":{"uv":[7.0625,15.3125,6.75,13.4375],"rotation":0,"texture":"#bc9c15d7-5b68-6d28-ab1d-9a0af44f465b","tintindex":0},"west":{"uv":[7.25,0.0,9.125,2.8125],"rotation":0,"texture":"#bc9c15d7-5b68-6d28-ab1d-9a0af44f465b","tintindex":0}}},{"name":"cube","from":[5.4714284,4.57143,-4.8571444],"to":[10.528571,6.7142878,21.285713],"rotation":{"angle":0.0,"axis":"x","origin":[18.757141,11.138571,-19.207382]},"faces":{"down":{"uv":[5.75,13.4375,6.125,15.34375],"rotation":0,"texture":"#bc9c15d7-5b68-6d28-ab1d-9a0af44f465b","tintindex":0},"east":{"uv":[13.5625,6.53125,15.46875,6.6875],"rotation":0,"texture":"#bc9c15d7-5b68-6d28-ab1d-9a0af44f465b","tintindex":0},"north":{"uv":[11.46875,3.75,11.84375,3.90625],"rotation":0,"texture":"#bc9c15d7-5b68-6d28-ab1d-9a0af44f465b","tintindex":0},"south":{"uv":[11.46875,3.90625,11.84375,4.0625],"rotation":0,"texture":"#bc9c15d7-5b68-6d28-ab1d-9a0af44f465b","tintindex":0},"up":{"uv":[13.6875,9.34375,13.3125,7.4375],"rotation":0,"texture":"#bc9c15d7-5b68-6d28-ab1d-9a0af44f465b","tintindex":0},"west":{"uv":[13.5625,6.6875,15.46875,6.84375],"rotation":0,"texture":"#bc9c15d7-5b68-6d28-ab1d-9a0af44f465b","tintindex":0}}},{"name":"cube","from":[5.45,4.57143,-4.8571444],"to":[10.549999,6.7142878,23.85714],"rotation":{"angle":-22.5,"axis":"x","origin":[8.021428,5.5671415,-5.064524]},"faces":{"down":{"uv":[8.1875,12.8125,8.5625,14.90625],"rotation":0,"texture":"#bc9c15d7-5b68-6d28-ab1d-9a0af44f465b","tintindex":0},"east":{"uv":[5.0,2.65625,7.09375,2.8125],"rotation":0,"texture":"#bc9c15d7-5b68-6d28-ab1d-9a0af44f465b","tintindex":0},"north":{"uv":[11.46875,4.0625,11.84375,4.21875],"rotation":0,"texture":"#bc9c15d7-5b68-6d28-ab1d-9a0af44f465b","tintindex":0},"south":{"uv":[11.6875,10.625,12.0625,10.78125],"rotation":0,"texture":"#bc9c15d7-5b68-6d28-ab1d-9a0af44f465b","tintindex":0},"up":{"uv":[1.9375,11.71875,1.5625,9.625],"rotation":0,"texture":"#bc9c15d7-5b68-6d28-ab1d-9a0af44f465b","tintindex":0},"west":{"uv":[5.0,4.78125,7.09375,4.9375],"rotation":0,"texture":"#bc9c15d7-5b68-6d28-ab1d-9a0af44f465b","tintindex":0}}},{"name":"cube","from":[5.45,4.57143,-4.4285727],"to":[10.549999,6.7142878,23.42857],"rotation":{"angle":22.5,"axis":"x","origin":[8.021428,5.5671415,-5.064524]},"faces":{"down":{"uv":[12.5625,13.1875,12.9375,15.21875],"rotation":0,"texture":"#bc9c15d7-5b68-6d28-ab1d-9a0af44f465b","tintindex":0},"east":{"uv":[12.1875,11.9375,14.21875,12.09375],"rotation":0,"texture":"#bc9c15d7-5b68-6d28-ab1d-9a0af44f465b","tintindex":0},"north":{"uv":[1.5625,11.71875,1.9375,11.875],"rotation":0,"texture":"#bc9c15d7-5b68-6d28-ab1d-9a0af44f465b","tintindex":0},"south":{"uv":[12.71875,2.9375,13.09375,3.09375],"rotation":0,"texture":"#bc9c15d7-5b68-6d28-ab1d-9a0af44f465b","tintindex":0},"up":{"uv":[12.5625,15.21875,12.1875,13.1875],"rotation":0,"texture":"#bc9c15d7-5b68-6d28-ab1d-9a0af44f465b","tintindex":0},"west":{"uv":[13.5625,6.375,15.59375,6.53125],"rotation":0,"texture":"#bc9c15d7-5b68-6d28-ab1d-9a0af44f465b","tintindex":0}}},{"name":"cube","from":[5.428571,4.57143,-4.0000014],"to":[10.571428,6.7142878,13.142857],"rotation":{"angle":45.0,"axis":"x","origin":[8.0,5.5671415,-5.064524]},"faces":{"down":{"uv":[3.65625,13.53125,4.03125,14.78125],"rotation":0,"texture":"#bc9c15d7-5b68-6d28-ab1d-9a0af44f465b","tintindex":0},"east":{"uv":[9.6875,6.125,10.9375,6.28125],"rotation":0,"texture":"#bc9c15d7-5b68-6d28-ab1d-9a0af44f465b","tintindex":0},"north":{"uv":[12.71875,3.09375,13.09375,3.25],"rotation":0,"texture":"#bc9c15d7-5b68-6d28-ab1d-9a0af44f465b","tintindex":0},"south":{"uv":[12.71875,3.25,13.09375,3.40625],"rotation":0,"texture":"#bc9c15d7-5b68-6d28-ab1d-9a0af44f465b","tintindex":0},"up":{"uv":[13.6875,10.59375,13.3125,9.34375],"rotation":0,"texture":"#bc9c15d7-5b68-6d28-ab1d-9a0af44f465b","tintindex":0},"west":{"uv":[9.6875,6.28125,10.9375,6.4375],"rotation":0,"texture":"#bc9c15d7-5b68-6d28-ab1d-9a0af44f465b","tintindex":0}}},{"name":"cube","from":[5.428571,4.57143,-4.4285727],"to":[10.571428,6.7142878,32.0],"rotation":{"angle":-45.0,"axis":"x","origin":[8.0,5.5671415,-5.064524]},"faces":{"down":{"uv":[7.5,12.8125,7.875,15.46875],"rotation":0,"texture":"#bc9c15d7-5b68-6d28-ab1d-9a0af44f465b","tintindex":0},"east":{"uv":[12.1875,11.625,14.84375,11.78125],"rotation":0,"texture":"#bc9c15d7-5b68-6d28-ab1d-9a0af44f465b","tintindex":0},"north":{"uv":[11.6875,10.78125,12.0625,10.9375],"rotation":0,"texture":"#bc9c15d7-5b68-6d28-ab1d-9a0af44f465b","tintindex":0},"south":{"uv":[11.6875,10.9375,12.0625,11.09375],"rotation":0,"texture":"#bc9c15d7-5b68-6d28-ab1d-9a0af44f465b","tintindex":0},"up":{"uv":[3.65625,14.53125,3.28125,11.875],"rotation":0,"texture":"#bc9c15d7-5b68-6d28-ab1d-9a0af44f465b","tintindex":0},"west":{"uv":[12.1875,11.78125,14.84375,11.9375],"rotation":0,"texture":"#bc9c15d7-5b68-6d28-ab1d-9a0af44f465b","tintindex":0}}},{"name":"cube","from":[5.45,4.57143,-4.0000014],"to":[10.549999,6.7142878,22.571428],"rotation":{"angle":0.0,"axis":"x","origin":[8.021428,5.5671415,-4.2073812]},"faces":{"down":{"uv":[13.3125,13.3125,13.6875,15.25],"rotation":0,"texture":"#bc9c15d7-5b68-6d28-ab1d-9a0af44f465b","tintindex":0},"east":{"uv":[9.125,8.78125,11.0625,8.9375],"rotation":0,"texture":"#bc9c15d7-5b68-6d28-ab1d-9a0af44f465b","tintindex":0},"north":{"uv":[13.09375,2.9375,13.46875,3.09375],"rotation":0,"texture":"#bc9c15d7-5b68-6d28-ab1d-9a0af44f465b","tintindex":0},"south":{"uv":[13.09375,3.09375,13.46875,3.25],"rotation":0,"texture":"#bc9c15d7-5b68-6d28-ab1d-9a0af44f465b","tintindex":0},"up":{"uv":[13.3125,15.125,12.9375,13.1875],"rotation":0,"texture":"#bc9c15d7-5b68-6d28-ab1d-9a0af44f465b","tintindex":0},"west":{"uv":[9.125,8.9375,11.0625,9.09375],"rotation":0,"texture":"#bc9c15d7-5b68-6d28-ab1d-9a0af44f465b","tintindex":0}}}],"display":{"head":{"translation":[0.0,4.7115884,31.468071],"rotation":[0.0,0.0,0.0],"scale":[3.7333333,3.7333333,3.7333333]},"gui":{"translation":[0.0,0.0,0.0],"rotation":[35.0,225.0,0.0],"scale":[0.625,0.625,0.625]}}}