{"file_name":"part3","texture_size":[512,512],"textures":{"bc9c15d7-5b68-6d28-ab1d-9a0af44f465b":"modelengine:entity/elephantkoi_texture"},"elements":[{"name":"cube","from":[-13.600001,-16.0,-16.0],"to":[29.600002,29.0,14.000002],"rotation":{"angle":0.0,"axis":"x","origin":[5.6,8.000001,-16.0]},"faces":{"down":{"uv":[6.3125,10.0625,8.5625,11.625],"rotation":0,"texture":"#bc9c15d7-5b68-6d28-ab1d-9a0af44f465b","tintindex":0},"east":{"uv":[2.1875,9.53125,3.75,11.875],"rotation":0,"texture":"#bc9c15d7-5b68-6d28-ab1d-9a0af44f465b","tintindex":0},"north":{"uv":[5.0,5.0,7.25,7.34375],"rotation":0,"texture":"#bc9c15d7-5b68-6d28-ab1d-9a0af44f465b","tintindex":0},"south":{"uv":[5.0,0.0,7.25,2.34375],"rotation":0,"texture":"#bc9c15d7-5b68-6d28-ab1d-9a0af44f465b","tintindex":0},"up":{"uv":[11.9375,5.8125,9.6875,4.25],"rotation":0,"texture":"#bc9c15d7-5b68-6d28-ab1d-9a0af44f465b","tintindex":0},"west":{"uv":[0.0,9.625,1.5625,11.96875],"rotation":0,"texture":"#bc9c15d7-5b68-6d28-ab1d-9a0af44f465b","tintindex":0}}}],"display":{"head":{"translation":[0.0,-10.880003,-20.160006],"rotation":[0.0,0.0,0.0],"scale":[3.8095,3.8095,3.8095]},"gui":{"translation":[0.0,0.0,0.0],"rotation":[35.0,225.0,0.0],"scale":[0.625,0.625,0.625]}}}