{"file_name":"part2","texture_size":[512,512],"textures":{"bc9c15d7-5b68-6d28-ab1d-9a0af44f465b":"modelengine:entity/elephantkoi_texture"},"elements":[{"name":"cube","from":[-10.6,-13.000001,-10.6],"to":[26.600002,26.0,8.6],"rotation":{"angle":0.0,"axis":"x","origin":[2.6,11.0,-19.0]},"faces":{"down":{"uv":[12.1875,10.625,14.125,11.625],"rotation":0,"texture":"#bc9c15d7-5b68-6d28-ab1d-9a0af44f465b","tintindex":0},"east":{"uv":[3.75,11.5,4.75,13.53125],"rotation":0,"texture":"#bc9c15d7-5b68-6d28-ab1d-9a0af44f465b","tintindex":0},"north":{"uv":[9.125,6.75,11.0625,8.78125],"rotation":0,"texture":"#bc9c15d7-5b68-6d28-ab1d-9a0af44f465b","tintindex":0},"south":{"uv":[4.375,9.46875,6.3125,11.5],"rotation":0,"texture":"#bc9c15d7-5b68-6d28-ab1d-9a0af44f465b","tintindex":0},"up":{"uv":[14.125,13.1875,12.1875,12.1875],"rotation":0,"texture":"#bc9c15d7-5b68-6d28-ab1d-9a0af44f465b","tintindex":0},"west":{"uv":[4.75,11.5,5.75,13.53125],"rotation":0,"texture":"#bc9c15d7-5b68-6d28-ab1d-9a0af44f465b","tintindex":0}}}],"display":{"head":{"translation":[0.0,-6.4,0.0],"rotation":[0.0,0.0,0.0],"scale":[3.8095,3.8095,3.8095]},"gui":{"translation":[0.0,0.0,0.0],"rotation":[35.0,225.0,0.0],"scale":[0.625,0.625,0.625]}}}