{"file_name":"part1","texture_size":[512,512],"textures":{"bc9c15d7-5b68-6d28-ab1d-9a0af44f465b":"modelengine:entity/elephantkoi_texture"},"elements":[{"name":"cube","from":[-8.8,-10.000001,-4.0000005],"to":[24.8,22.400002,8.0],"rotation":{"angle":0.0,"axis":"x","origin":[0.7999997,14.0,-19.600002]},"faces":{"down":{"uv":[12.8125,5.75,14.5625,6.375],"rotation":0,"texture":"#bc9c15d7-5b68-6d28-ab1d-9a0af44f465b","tintindex":0},"east":{"uv":[4.375,7.5,5.0,9.1875],"rotation":0,"texture":"#bc9c15d7-5b68-6d28-ab1d-9a0af44f465b","tintindex":0},"north":{"uv":[11.0625,5.8125,12.8125,7.5],"rotation":0,"texture":"#bc9c15d7-5b68-6d28-ab1d-9a0af44f465b","tintindex":0},"south":{"uv":[8.5625,11.15625,10.3125,12.84375],"rotation":0,"texture":"#bc9c15d7-5b68-6d28-ab1d-9a0af44f465b","tintindex":0},"up":{"uv":[7.5,13.4375,5.75,12.8125],"rotation":0,"texture":"#bc9c15d7-5b68-6d28-ab1d-9a0af44f465b","tintindex":0},"west":{"uv":[3.75,9.53125,4.375,11.21875],"rotation":0,"texture":"#bc9c15d7-5b68-6d28-ab1d-9a0af44f465b","tintindex":0}}},{"name":"cube","from":[-4.3000007,-4.6000004,-7.000001],"to":[20.3,1.3999997,-4.0000005],"rotation":{"angle":0.0,"axis":"x","origin":[-3.7000003,19.400002,-31.600002]},"faces":{"down":{"uv":[9.6875,5.96875,10.96875,6.125],"rotation":0,"texture":"#bc9c15d7-5b68-6d28-ab1d-9a0af44f465b","tintindex":0},"east":{"uv":[8.90625,6.75,9.0625,7.0625],"rotation":0,"texture":"#bc9c15d7-5b68-6d28-ab1d-9a0af44f465b","tintindex":0},"north":{"uv":[5.0,2.34375,6.28125,2.65625],"rotation":0,"texture":"#bc9c15d7-5b68-6d28-ab1d-9a0af44f465b","tintindex":0},"south":{"uv":[7.25,6.75,8.53125,7.0625],"rotation":0,"texture":"#bc9c15d7-5b68-6d28-ab1d-9a0af44f465b","tintindex":0},"up":{"uv":[10.96875,5.96875,9.6875,5.8125],"rotation":0,"texture":"#bc9c15d7-5b68-6d28-ab1d-9a0af44f465b","tintindex":0},"west":{"uv":[9.375,4.25,9.53125,4.5625],"rotation":0,"texture":"#bc9c15d7-5b68-6d28-ab1d-9a0af44f465b","tintindex":0}}}],"display":{"head":{"translation":[0.0,-6.4,0.0],"rotation":[0.0,0.0,0.0],"scale":[3.8095,3.8095,3.8095]},"gui":{"translation":[0.0,0.0,0.0],"rotation":[35.0,225.0,0.0],"scale":[0.625,0.625,0.625]}}}