{"file_name":"part4","texture_size":[512,512],"textures":{"bc9c15d7-5b68-6d28-ab1d-9a0af44f465b":"modelengine:entity/elephantkoi_texture"},"elements":[{"name":"cube","from":[-9.142858,-10.0,-2.2857113],"to":[25.142857,24.285715,32.0],"rotation":{"angle":0.0,"axis":"x","origin":[8.0,7.1428566,-2.2857113]},"faces":{"down":{"uv":[2.5,5.0,5.0,7.5],"rotation":0,"texture":"#bc9c15d7-5b68-6d28-ab1d-9a0af44f465b","tintindex":0},"east":{"uv":[0.0,2.5,2.5,5.0],"rotation":0,"texture":"#bc9c15d7-5b68-6d28-ab1d-9a0af44f465b","tintindex":0},"north":{"uv":[0.0,0.0,2.5,2.5],"rotation":0,"texture":"#bc9c15d7-5b68-6d28-ab1d-9a0af44f465b","tintindex":0},"south":{"uv":[2.5,2.5,5.0,5.0],"rotation":0,"texture":"#bc9c15d7-5b68-6d28-ab1d-9a0af44f465b","tintindex":0},"up":{"uv":[2.5,7.5,0.0,5.0],"rotation":0,"texture":"#bc9c15d7-5b68-6d28-ab1d-9a0af44f465b","tintindex":0},"west":{"uv":[2.5,0.0,5.0,2.5],"rotation":0,"texture":"#bc9c15d7-5b68-6d28-ab1d-9a0af44f465b","tintindex":0}}}],"display":{"head":{"translation":[0.0,-6.4,36.799988],"rotation":[0.0,0.0,0.0],"scale":[3.7333333,3.7333333,3.7333333]},"gui":{"translation":[0.0,0.0,0.0],"rotation":[35.0,225.0,0.0],"scale":[0.625,0.625,0.625]}}}