{"file_name":"right_front_fin","texture_size":[512,512],"textures":{"bc9c15d7-5b68-6d28-ab1d-9a0af44f465b":"modelengine:entity/elephantkoi_texture"},"elements":[{"name":"cube","from":[-1.0000014,6.8,-4.0000005],"to":[32.0,9.8,18.2],"rotation":{"angle":0.0,"axis":"x","origin":[-0.40000153,8.6,7.4]},"faces":{"down":{"uv":[11.9375,3.4375,13.65625,4.59375],"rotation":0,"texture":"#bc9c15d7-5b68-6d28-ab1d-9a0af44f465b","tintindex":0},"east":{"uv":[13.65625,5.59375,14.8125,5.75],"rotation":0,"texture":"#bc9c15d7-5b68-6d28-ab1d-9a0af44f465b","tintindex":0},"north":{"uv":[13.5625,7.0,15.28125,7.15625],"rotation":0,"texture":"#bc9c15d7-5b68-6d28-ab1d-9a0af44f465b","tintindex":0},"south":{"uv":[13.5625,7.15625,15.28125,7.3125],"rotation":0,"texture":"#bc9c15d7-5b68-6d28-ab1d-9a0af44f465b","tintindex":0},"up":{"uv":[13.65625,4.59375,11.9375,3.4375],"rotation":0,"texture":"#bc9c15d7-5b68-6d28-ab1d-9a0af44f465b","tintindex":0},"west":{"uv":[13.6875,9.6875,14.84375,9.84375],"rotation":0,"texture":"#bc9c15d7-5b68-6d28-ab1d-9a0af44f465b","tintindex":0}}}],"display":{"head":{"translation":[31.360006,-6.4,0.0],"rotation":[0.0,0.0,0.0],"scale":[3.8095,3.8095,3.8095]},"gui":{"translation":[0.0,0.0,0.0],"rotation":[35.0,225.0,0.0],"scale":[0.625,0.625,0.625]}}}