{"file_name":"top_fin2","texture_size":[512,512],"textures":{"bc9c15d7-5b68-6d28-ab1d-9a0af44f465b":"modelengine:entity/elephantkoi_texture"},"elements":[{"name":"fin2","from":[5.0,8.006578,7.8754334],"to":[11.0,30.80658,28.275433],"rotation":{"angle":0.0,"axis":"x","origin":[8.0,32.60658,7.2754335]},"faces":{"down":{"uv":[12.875,9.46875,13.1875,10.53125],"rotation":0,"texture":"#bc9c15d7-5b68-6d28-ab1d-9a0af44f465b","tintindex":0},"east":{"uv":[7.46875,11.625,8.53125,12.8125],"rotation":0,"texture":"#bc9c15d7-5b68-6d28-ab1d-9a0af44f465b","tintindex":0},"north":{"uv":[10.0625,13.59375,10.375,14.78125],"rotation":0,"texture":"#bc9c15d7-5b68-6d28-ab1d-9a0af44f465b","tintindex":0},"south":{"uv":[10.375,13.59375,10.6875,14.78125],"rotation":0,"texture":"#bc9c15d7-5b68-6d28-ab1d-9a0af44f465b","tintindex":0},"up":{"uv":[8.875,11.125,8.5625,10.0625],"rotation":0,"texture":"#bc9c15d7-5b68-6d28-ab1d-9a0af44f465b","tintindex":0},"west":{"uv":[12.71875,1.75,13.78125,2.9375],"rotation":0,"texture":"#bc9c15d7-5b68-6d28-ab1d-9a0af44f465b","tintindex":0}}},{"name":"cube","from":[4.3999996,8.006578,16.275433],"to":[11.6,31.406578,19.275433],"rotation":{"angle":0.0,"axis":"x","origin":[8.0,32.60658,15.675434]},"faces":{"down":{"uv":[11.3125,10.9375,11.6875,11.09375],"rotation":0,"texture":"#bc9c15d7-5b68-6d28-ab1d-9a0af44f465b","tintindex":0},"east":{"uv":[13.6875,13.6875,13.84375,14.875],"rotation":0,"texture":"#bc9c15d7-5b68-6d28-ab1d-9a0af44f465b","tintindex":0},"north":{"uv":[4.03125,13.53125,4.40625,14.71875],"rotation":0,"texture":"#bc9c15d7-5b68-6d28-ab1d-9a0af44f465b","tintindex":0},"south":{"uv":[4.40625,13.53125,4.78125,14.71875],"rotation":0,"texture":"#bc9c15d7-5b68-6d28-ab1d-9a0af44f465b","tintindex":0},"up":{"uv":[11.6875,10.9375,11.3125,10.78125],"rotation":0,"texture":"#bc9c15d7-5b68-6d28-ab1d-9a0af44f465b","tintindex":0},"west":{"uv":[13.6875,7.3125,13.84375,8.5],"rotation":0,"texture":"#bc9c15d7-5b68-6d28-ab1d-9a0af44f465b","tintindex":0}}},{"name":"cube","from":[4.3999996,8.006578,25.875435],"to":[11.6,31.406578,28.875435],"rotation":{"angle":0.0,"axis":"x","origin":[8.0,32.60658,25.275433]},"faces":{"down":{"uv":[11.46875,3.59375,11.84375,3.75],"rotation":0,"texture":"#bc9c15d7-5b68-6d28-ab1d-9a0af44f465b","tintindex":0},"east":{"uv":[13.6875,8.5,13.84375,9.6875],"rotation":0,"texture":"#bc9c15d7-5b68-6d28-ab1d-9a0af44f465b","tintindex":0},"north":{"uv":[4.78125,13.53125,5.15625,14.71875],"rotation":0,"texture":"#bc9c15d7-5b68-6d28-ab1d-9a0af44f465b","tintindex":0},"south":{"uv":[5.15625,13.53125,5.53125,14.71875],"rotation":0,"texture":"#bc9c15d7-5b68-6d28-ab1d-9a0af44f465b","tintindex":0},"up":{"uv":[11.84375,3.59375,11.46875,3.4375],"rotation":0,"texture":"#bc9c15d7-5b68-6d28-ab1d-9a0af44f465b","tintindex":0},"west":{"uv":[13.78125,1.75,13.9375,2.9375],"rotation":0,"texture":"#bc9c15d7-5b68-6d28-ab1d-9a0af44f465b","tintindex":0}}}],"display":{"head":{"translation":[0.0,-6.4,0.0],"rotation":[0.0,0.0,0.0],"scale":[3.8095,3.8095,3.8095]},"gui":{"translation":[0.0,0.0,0.0],"rotation":[35.0,225.0,0.0],"scale":[0.625,0.625,0.625]}}}