{"file_name":"top_fin","texture_size":[512,512],"textures":{"bc9c15d7-5b68-6d28-ab1d-9a0af44f465b":"modelengine:entity/elephantkoi_texture"},"elements":[{"name":"cube","from":[5.8571424,4.5714264,-1.8571396],"to":[10.142857,31.571426,31.571434],"rotation":{"angle":0.0,"axis":"x","origin":[8.0,22.999998,-1.4285679]},"faces":{"down":{"uv":[1.0625,12.84375,1.375,15.28125],"rotation":0,"texture":"#bc9c15d7-5b68-6d28-ab1d-9a0af44f465b","tintindex":0},"east":{"uv":[5.0,2.8125,7.4375,4.78125],"rotation":0,"texture":"#bc9c15d7-5b68-6d28-ab1d-9a0af44f465b","tintindex":0},"north":{"uv":[6.125,13.4375,6.4375,15.40625],"rotation":0,"texture":"#bc9c15d7-5b68-6d28-ab1d-9a0af44f465b","tintindex":0},"south":{"uv":[6.4375,13.4375,6.75,15.40625],"rotation":0,"texture":"#bc9c15d7-5b68-6d28-ab1d-9a0af44f465b","tintindex":0},"up":{"uv":[1.0625,15.28125,0.75,12.84375],"rotation":0,"texture":"#bc9c15d7-5b68-6d28-ab1d-9a0af44f465b","tintindex":0},"west":{"uv":[7.25,4.78125,9.6875,6.75],"rotation":0,"texture":"#bc9c15d7-5b68-6d28-ab1d-9a0af44f465b","tintindex":0}}},{"name":"cube","from":[5.428571,4.1428547,-2.2857113],"to":[10.571428,32.0,-0.14285469],"rotation":{"angle":0.0,"axis":"x","origin":[10.142857,11.857141,-2.2857113]},"faces":{"down":{"uv":[8.53125,6.90625,8.90625,7.0625],"rotation":0,"texture":"#bc9c15d7-5b68-6d28-ab1d-9a0af44f465b","tintindex":0},"east":{"uv":[1.9375,9.625,2.09375,11.65625],"rotation":0,"texture":"#bc9c15d7-5b68-6d28-ab1d-9a0af44f465b","tintindex":0},"north":{"uv":[8.5625,12.84375,8.9375,14.875],"rotation":0,"texture":"#bc9c15d7-5b68-6d28-ab1d-9a0af44f465b","tintindex":0},"south":{"uv":[8.9375,12.84375,9.3125,14.875],"rotation":0,"texture":"#bc9c15d7-5b68-6d28-ab1d-9a0af44f465b","tintindex":0},"up":{"uv":[8.90625,6.90625,8.53125,6.75],"rotation":0,"texture":"#bc9c15d7-5b68-6d28-ab1d-9a0af44f465b","tintindex":0},"west":{"uv":[5.53125,13.53125,5.6875,15.5625],"rotation":0,"texture":"#bc9c15d7-5b68-6d28-ab1d-9a0af44f465b","tintindex":0}}},{"name":"cube","from":[5.428571,4.1428547,29.857147],"to":[10.571428,32.0,32.0],"rotation":{"angle":0.0,"axis":"x","origin":[10.142857,11.857141,29.857147]},"faces":{"down":{"uv":[9.0,4.40625,9.375,4.5625],"rotation":0,"texture":"#bc9c15d7-5b68-6d28-ab1d-9a0af44f465b","tintindex":0},"east":{"uv":[10.6875,13.59375,10.84375,15.625],"rotation":0,"texture":"#bc9c15d7-5b68-6d28-ab1d-9a0af44f465b","tintindex":0},"north":{"uv":[9.3125,12.84375,9.6875,14.875],"rotation":0,"texture":"#bc9c15d7-5b68-6d28-ab1d-9a0af44f465b","tintindex":0},"south":{"uv":[9.6875,12.84375,10.0625,14.875],"rotation":0,"texture":"#bc9c15d7-5b68-6d28-ab1d-9a0af44f465b","tintindex":0},"up":{"uv":[9.375,4.40625,9.0,4.25],"rotation":0,"texture":"#bc9c15d7-5b68-6d28-ab1d-9a0af44f465b","tintindex":0},"west":{"uv":[10.84375,13.59375,11.0,15.625],"rotation":0,"texture":"#bc9c15d7-5b68-6d28-ab1d-9a0af44f465b","tintindex":0}}},{"name":"cube","from":[5.428571,4.1428547,22.571434],"to":[10.571428,32.0,24.714287],"rotation":{"angle":0.0,"axis":"x","origin":[10.142857,11.857141,22.571434]},"faces":{"down":{"uv":[4.375,9.1875,4.75,9.34375],"rotation":0,"texture":"#bc9c15d7-5b68-6d28-ab1d-9a0af44f465b","tintindex":0},"east":{"uv":[11.0,13.59375,11.15625,15.625],"rotation":0,"texture":"#bc9c15d7-5b68-6d28-ab1d-9a0af44f465b","tintindex":0},"north":{"uv":[12.9375,7.4375,13.3125,9.46875],"rotation":0,"texture":"#bc9c15d7-5b68-6d28-ab1d-9a0af44f465b","tintindex":0},"south":{"uv":[1.375,13.03125,1.75,15.0625],"rotation":0,"texture":"#bc9c15d7-5b68-6d28-ab1d-9a0af44f465b","tintindex":0},"up":{"uv":[9.375,4.71875,9.0,4.5625],"rotation":0,"texture":"#bc9c15d7-5b68-6d28-ab1d-9a0af44f465b","tintindex":0},"west":{"uv":[11.15625,13.59375,11.3125,15.625],"rotation":0,"texture":"#bc9c15d7-5b68-6d28-ab1d-9a0af44f465b","tintindex":0}}},{"name":"cube","from":[5.428571,4.1428547,5.4285746],"to":[10.571428,32.0,7.571432],"rotation":{"angle":0.0,"axis":"x","origin":[10.142857,11.857141,5.4285746]},"faces":{"down":{"uv":[6.6875,9.78125,7.0625,9.9375],"rotation":0,"texture":"#bc9c15d7-5b68-6d28-ab1d-9a0af44f465b","tintindex":0},"east":{"uv":[11.3125,13.59375,11.46875,15.625],"rotation":0,"texture":"#bc9c15d7-5b68-6d28-ab1d-9a0af44f465b","tintindex":0},"north":{"uv":[1.75,13.03125,2.125,15.0625],"rotation":0,"texture":"#bc9c15d7-5b68-6d28-ab1d-9a0af44f465b","tintindex":0},"south":{"uv":[2.125,13.03125,2.5,15.0625],"rotation":0,"texture":"#bc9c15d7-5b68-6d28-ab1d-9a0af44f465b","tintindex":0},"up":{"uv":[6.6875,9.9375,6.3125,9.78125],"rotation":0,"texture":"#bc9c15d7-5b68-6d28-ab1d-9a0af44f465b","tintindex":0},"west":{"uv":[11.46875,13.59375,11.625,15.625],"rotation":0,"texture":"#bc9c15d7-5b68-6d28-ab1d-9a0af44f465b","tintindex":0}}},{"name":"cube","from":[5.428571,4.1428547,13.571432],"to":[10.571428,32.0,15.714289],"rotation":{"angle":0.0,"axis":"x","origin":[10.142857,11.857141,13.571432]},"faces":{"down":{"uv":[11.3125,10.625,11.6875,10.78125],"rotation":0,"texture":"#bc9c15d7-5b68-6d28-ab1d-9a0af44f465b","tintindex":0},"east":{"uv":[11.625,13.59375,11.78125,15.625],"rotation":0,"texture":"#bc9c15d7-5b68-6d28-ab1d-9a0af44f465b","tintindex":0},"north":{"uv":[2.5,13.03125,2.875,15.0625],"rotation":0,"texture":"#bc9c15d7-5b68-6d28-ab1d-9a0af44f465b","tintindex":0},"south":{"uv":[2.875,13.03125,3.25,15.0625],"rotation":0,"texture":"#bc9c15d7-5b68-6d28-ab1d-9a0af44f465b","tintindex":0},"up":{"uv":[4.125,11.375,3.75,11.21875],"rotation":0,"texture":"#bc9c15d7-5b68-6d28-ab1d-9a0af44f465b","tintindex":0},"west":{"uv":[13.65625,2.9375,13.8125,4.96875],"rotation":0,"texture":"#bc9c15d7-5b68-6d28-ab1d-9a0af44f465b","tintindex":0}}}],"display":{"head":{"translation":[0.0,6.4000077,36.799988],"rotation":[0.0,0.0,0.0],"scale":[3.7333333,3.7333333,3.7333333]},"gui":{"translation":[0.0,0.0,0.0],"rotation":[35.0,225.0,0.0],"scale":[0.625,0.625,0.625]}}}