{"textures":{"0":"tlaminecraft:entity/ostrichhorse_texture","particle":"#0"},"elements":[{"from":[9.630295,13.6815605,9.787016],"to":[11.430294,16.081558,10.987017],"faces":{"east":{"uv":[8.25,4.0625,8.375,4.3125],"tintindex":0,"rotation":0,"texture":"#0"},"south":{"uv":[7.25,5.3125,7.4375,5.5625],"tintindex":0,"rotation":0,"texture":"#0"},"north":{"uv":[7.0625,5.3125,7.25,5.5625],"tintindex":0,"rotation":0,"texture":"#0"},"west":{"uv":[8.0,9.0625,8.125,9.3125],"tintindex":0,"rotation":0,"texture":"#0"},"up":{"uv":[9.25,4.1875,9.0625,4.0625],"tintindex":0,"rotation":0,"texture":"#0"},"down":{"uv":[9.25,4.1875,9.0625,4.3125],"tintindex":0,"rotation":0,"texture":"#0"}},"rotation":{"origin":[10.4,13.6815605,10.81731],"angle":-45.0,"axis":"y"}},{"from":[11.046283,12.48156,2.916605],"to":[12.046284,13.581558,6.916605],"faces":{"east":{"uv":[8.875,9.25,10.125,10.0625],"tintindex":0,"rotation":0,"texture":"#0"},"south":{"uv":[7.625,6.1875,8.4375,7.0],"tintindex":0,"rotation":0,"texture":"#0"},"north":{"uv":[7.25,2.25,8.0625,3.0625],"tintindex":0,"rotation":0,"texture":"#0"},"west":{"uv":[3.8125,6.75,5.0625,7.5625],"tintindex":0,"rotation":0,"texture":"#0"},"up":{"uv":[0.8125,7.6875,0.0,6.4375],"tintindex":0,"rotation":0,"texture":"#0"},"down":{"uv":[7.625,6.8125,6.8125,8.0625],"tintindex":0,"rotation":0,"texture":"#0"}}},{"from":[10.073987,16.016617,9.721592],"to":[11.273987,17.216614,10.321592],"faces":{"east":{"uv":[7.1875,2.4375,7.25,2.5625],"tintindex":0,"rotation":0,"texture":"#0"},"south":{"uv":[9.0625,4.6875,9.1875,4.8125],"tintindex":0,"rotation":0,"texture":"#0"},"north":{"uv":[9.0625,4.5625,9.1875,4.6875],"tintindex":0,"rotation":0,"texture":"#0"},"west":{"uv":[0.75,8.1875,0.8125,8.3125],"tintindex":0,"rotation":0,"texture":"#0"},"up":{"uv":[3.6875,2.625,3.5625,2.5625],"tintindex":0,"rotation":0,"texture":"#0"},"down":{"uv":[3.8125,2.5625,3.6875,2.625],"tintindex":0,"rotation":0,"texture":"#0"}},"rotation":{"origin":[10.1,16.081558,10.517311],"angle":-45.0,"axis":"y"}},{"from":[4.1,5.8815575,1.2173109],"to":[11.9,13.6815605,13.217311],"faces":{"east":{"uv":[5.5625,6.1875,6.8125,7.0],"tintindex":0,"rotation":0,"texture":"#0"},"south":{"uv":[7.625,6.1875,8.4375,7.0],"tintindex":0,"rotation":0,"texture":"#0"},"north":{"uv":[7.25,2.25,8.0625,3.0625],"tintindex":0,"rotation":0,"texture":"#0"},"west":{"uv":[3.8125,6.75,5.0625,7.5625],"tintindex":0,"rotation":0,"texture":"#0"},"up":{"uv":[0.8125,7.6875,0.0,6.4375],"tintindex":0,"rotation":0,"texture":"#0"},"down":{"uv":[7.625,6.8125,6.8125,8.0625],"tintindex":0,"rotation":0,"texture":"#0"}}},{"from":[6.2,6.6015587,-5.9226885],"to":[9.8,11.401558,-3.5226889],"faces":{"east":{"uv":[3.0625,8.6875,3.3125,9.1875],"tintindex":0,"rotation":0,"texture":"#0"},"south":{"uv":[3.375,6.875,3.75,7.375],"tintindex":0,"rotation":0,"texture":"#0"},"north":{"uv":[0.8125,6.4375,1.1875,6.9375],"tintindex":0,"rotation":0,"texture":"#0"},"west":{"uv":[8.875,1.4375,9.125,1.9375],"tintindex":0,"rotation":0,"texture":"#0"},"up":{"uv":[7.1875,2.5,6.8125,2.25],"tintindex":0,"rotation":0,"texture":"#0"},"down":{"uv":[7.1875,3.5625,6.8125,3.8125],"tintindex":0,"rotation":0,"texture":"#0"}},"rotation":{"origin":[9.2,5.82156,-5.8026896],"angle":22.5,"axis":"x"}},{"from":[5.6,6.812275,-3.7436666],"to":[10.4,11.012276,2.2563334],"faces":{"east":{"uv":[8.75,8.75,9.375,9.1875],"tintindex":0,"rotation":0,"texture":"#0"},"south":{"uv":[8.75,7.9375,9.25,8.375],"tintindex":0,"rotation":0,"texture":"#0"},"north":{"uv":[8.75,7.5,9.25,7.9375],"tintindex":0,"rotation":0,"texture":"#0"},"west":{"uv":[8.75,0.0,9.375,0.4375],"tintindex":0,"rotation":0,"texture":"#0"},"up":{"uv":[8.875,2.125,8.375,1.5],"tintindex":0,"rotation":0,"texture":"#0"},"down":{"uv":[2.5625,8.6875,2.0625,9.3125],"tintindex":0,"rotation":0,"texture":"#0"}}},{"from":[4.569706,13.6815605,9.787016],"to":[6.3697057,16.081558,10.987017],"faces":{"east":{"uv":[9.0625,3.0625,9.1875,3.3125],"tintindex":0,"rotation":0,"texture":"#0"},"south":{"uv":[8.1875,1.5,8.375,1.75],"tintindex":0,"rotation":0,"texture":"#0"},"north":{"uv":[4.875,8.1875,5.0625,8.4375],"tintindex":0,"rotation":0,"texture":"#0"},"west":{"uv":[9.0625,3.3125,9.1875,3.5625],"tintindex":0,"rotation":0,"texture":"#0"},"up":{"uv":[9.25,4.4375,9.0625,4.3125],"tintindex":0,"rotation":0,"texture":"#0"},"down":{"uv":[9.25,4.4375,9.0625,4.5625],"tintindex":0,"rotation":0,"texture":"#0"}},"rotation":{"origin":[5.6,13.6815605,10.81731],"angle":45.0,"axis":"y"}},{"from":[4.7260127,16.016617,9.721592],"to":[5.926013,17.216614,10.321592],"faces":{"east":{"uv":[8.625,2.125,8.6875,2.25],"tintindex":0,"rotation":0,"texture":"#0"},"south":{"uv":[9.0625,4.9375,9.1875,5.0625],"tintindex":0,"rotation":0,"texture":"#0"},"north":{"uv":[9.0625,4.8125,9.1875,4.9375],"tintindex":0,"rotation":0,"texture":"#0"},"west":{"uv":[9.125,1.5625,9.1875,1.6875],"tintindex":0,"rotation":0,"texture":"#0"},"up":{"uv":[1.3125,4.75,1.1875,4.6875],"tintindex":0,"rotation":0,"texture":"#0"},"down":{"uv":[2.1875,5.5625,2.0625,5.625],"tintindex":0,"rotation":0,"texture":"#0"}},"rotation":{"origin":[5.9,16.081558,10.517311],"angle":45.0,"axis":"y"}},{"from":[3.9537168,12.48156,2.916605],"to":[4.953717,13.581558,6.916605],"faces":{"east":{"uv":[5.0625,6.75,3.8125,7.5625],"tintindex":0,"rotation":0,"texture":"#0"},"south":{"uv":[8.4375,6.1875,7.625,7.0],"tintindex":0,"rotation":0,"texture":"#0"},"north":{"uv":[8.0625,2.25,7.25,3.0625],"tintindex":0,"rotation":0,"texture":"#0"},"west":{"uv":[10.125,9.25,8.875,10.0625],"tintindex":0,"rotation":0,"texture":"#0"},"up":{"uv":[0.0,7.6875,0.8125,6.4375],"tintindex":0,"rotation":0,"texture":"#0"},"down":{"uv":[6.8125,6.8125,7.625,8.0625],"tintindex":0,"rotation":0,"texture":"#0"}}},{"from":[7.1,9.660034,-1.9782991],"to":[8.9,11.860035,2.0217009],"faces":{"east":{"uv":[8.75,8.75,9.375,9.1875],"tintindex":0,"rotation":0,"texture":"#0"},"south":{"uv":[8.75,7.9375,9.25,8.375],"tintindex":0,"rotation":0,"texture":"#0"},"north":{"uv":[8.75,7.5,9.25,7.9375],"tintindex":0,"rotation":0,"texture":"#0"},"west":{"uv":[8.75,0.0,9.375,0.4375],"tintindex":0,"rotation":0,"texture":"#0"},"up":{"uv":[8.875,2.125,8.375,1.5],"tintindex":0,"rotation":0,"texture":"#0"},"down":{"uv":[2.5625,8.6875,2.0625,9.3125],"tintindex":0,"rotation":0,"texture":"#0"}}},{"from":[7.1,5.2215576,-6.942689],"to":[8.9,7.0215607,-5.74269],"faces":{"east":{"uv":[9.0625,3.6875,9.1875,3.875],"tintindex":0,"rotation":0,"texture":"#0"},"south":{"uv":[7.8125,9.0625,8.0,9.25],"tintindex":0,"rotation":0,"texture":"#0"},"north":{"uv":[7.625,9.0625,7.8125,9.25],"tintindex":0,"rotation":0,"texture":"#0"},"west":{"uv":[9.0625,3.875,9.1875,4.0625],"tintindex":0,"rotation":0,"texture":"#0"},"up":{"uv":[8.5625,3.5625,8.375,3.4375],"tintindex":0,"rotation":0,"texture":"#0"},"down":{"uv":[5.0625,8.4375,4.875,8.5625],"tintindex":0,"rotation":0,"texture":"#0"}},"rotation":{"origin":[8.9,3.241558,-6.82269],"angle":22.5,"axis":"x"}},{"from":[6.8,5.981167,-3.3018045],"to":[9.2,7.181164,1.4981947],"faces":{"east":{"uv":[7.625,7.5,8.125,7.625],"tintindex":0,"rotation":0,"texture":"#0"},"south":{"uv":[9.0625,3.5625,9.3125,3.6875],"tintindex":0,"rotation":0,"texture":"#0"},"north":{"uv":[8.375,2.125,8.625,2.25],"tintindex":0,"rotation":0,"texture":"#0"},"west":{"uv":[8.875,0.875,9.375,1.0],"tintindex":0,"rotation":0,"texture":"#0"},"up":{"uv":[8.375,9.4375,8.125,8.9375],"tintindex":0,"rotation":0,"texture":"#0"},"down":{"uv":[8.625,8.9375,8.375,9.4375],"tintindex":0,"rotation":0,"texture":"#0"}}}],"display":{"head":{"rotation":[0.0,0.0,0.0]},"firstperson_righthand":{"rotation":[0.0,0.0,0.0]},"thirdperson_lefthand":{"rotation":[0.0,-0.0,-0.0]},"firstperson_lefthand":{"rotation":[0.0,-0.0,-0.0]},"fixed":{"rotation":[0.0,0.0,0.0]},"ground":{"rotation":[0.0,0.0,0.0]},"thirdperson_righthand":{"rotation":[0.0,0.0,0.0]},"gui":{"rotation":[-150.0,-45.0,180.0]}}}