{"textures":{"0":"tlaminecraft:entity/canyoncrawler_texture"},"elements":[{"from":[1.0840001,7.643791,-15.079353],"to":[14.916,12.203793,12.280651],"faces":{"east":{"uv":[1.5,1.3125,2.625,1.5],"tintindex":0,"rotation":0,"texture":"#0"},"south":{"uv":[9.28125,8.25,9.84375,8.4375],"tintindex":0,"rotation":0,"texture":"#0"},"north":{"uv":[9.15625,4.4375,9.71875,4.625],"tintindex":0,"rotation":0,"texture":"#0"},"west":{"uv":[4.4375,4.25,5.5625,4.4375],"tintindex":0,"rotation":0,"texture":"#0"},"up":{"uv":[5.4375,8.625,4.875,7.5],"tintindex":0,"rotation":0,"texture":"#0"},"down":{"uv":[6.6875,7.59375,6.125,8.71875],"tintindex":0,"rotation":0,"texture":"#0"}}},{"from":[1.1599998,12.203793,-15.079353],"to":[1.1599998,13.723793,12.280651],"faces":{"east":{"uv":[8.75,8.6875,9.875,8.75],"tintindex":0,"rotation":0,"texture":"#0"},"west":{"uv":[9.28125,8.4375,10.40625,8.5],"tintindex":0,"rotation":0,"texture":"#0"}}},{"from":[14.84,12.203793,-15.079353],"to":[14.84,13.723793,12.280651],"faces":{"east":{"uv":[9.28125,8.5,10.40625,8.5625],"tintindex":0,"rotation":0,"texture":"#0"},"west":{"uv":[9.34375,1.375,10.46875,1.4375],"tintindex":0,"rotation":0,"texture":"#0"}}},{"from":[1.1599998,12.203793,-15.079353],"to":[14.84,15.2437935,-15.079353],"faces":{"south":{"uv":[5.375,1.0,5.9375,1.0625],"tintindex":0,"rotation":0,"texture":"#0"},"north":{"uv":[5.1875,2.0625,5.75,2.125],"tintindex":0,"rotation":0,"texture":"#0"}}}],"display":{"gui":{"rotation":[30,225,0]}}}