{"textures":{"0":"tlaminecraft:entity/canyoncrawler_texture","particle":"#0"},"elements":[{"from":[-7.650508,0.23121691,7.136247],"to":[-6.1305075,2.7645502,8.656246],"faces":{"east":{"uv":[9.53125,6.8125,9.71875,7.125],"tintindex":0,"rotation":0,"texture":"#0"},"south":{"uv":[9.53125,7.125,9.71875,7.4375],"tintindex":0,"rotation":0,"texture":"#0"},"north":{"uv":[9.53125,6.5,9.71875,6.8125],"tintindex":0,"rotation":0,"texture":"#0"},"west":{"uv":[9.53125,7.875,9.71875,8.1875],"tintindex":0,"rotation":0,"texture":"#0"},"up":{"uv":[9.90625,7.0,9.71875,6.8125],"tintindex":0,"rotation":0,"texture":"#0"},"down":{"uv":[9.90625,7.0,9.71875,7.1875],"tintindex":0,"rotation":0,"texture":"#0"}}},{"from":[-15.344458,-3.2644367,6.040915],"to":[-13.317795,-1.7444372,7.5609155],"faces":{"east":{"uv":[9.71875,6.0625,9.90625,6.25],"tintindex":0,"rotation":0,"texture":"#0"},"south":{"uv":[6.375,9.65625,6.625,9.84375],"tintindex":0,"rotation":0,"texture":"#0"},"north":{"uv":[3.625,9.65625,3.875,9.84375],"tintindex":0,"rotation":0,"texture":"#0"},"west":{"uv":[9.71875,6.25,9.90625,6.4375],"tintindex":0,"rotation":0,"texture":"#0"},"up":{"uv":[6.875,9.84375,6.625,9.65625],"tintindex":0,"rotation":0,"texture":"#0"},"down":{"uv":[9.625,9.65625,9.375,9.84375],"tintindex":0,"rotation":0,"texture":"#0"}},"rotation":{"origin":[-12.270351,-1.7436447,5.762912],"angle":-22.5,"axis":"y"}},{"from":[-4.8588285,-8.534304,6.643717],"to":[-2.3254957,12.745697,9.177051],"faces":{"east":{"uv":[2.375,5.9375,2.6875,8.5625],"tintindex":0,"rotation":0,"texture":"#0"},"south":{"uv":[2.6875,5.9375,3.0,8.5625],"tintindex":0,"rotation":0,"texture":"#0"},"north":{"uv":[2.0625,5.9375,2.375,8.5625],"tintindex":0,"rotation":0,"texture":"#0"},"west":{"uv":[3.0,5.9375,3.3125,8.5625],"tintindex":0,"rotation":0,"texture":"#0"},"up":{"uv":[7.75,1.8125,7.4375,1.5],"tintindex":0,"rotation":0,"texture":"#0"},"down":{"uv":[7.375,9.28125,7.0625,9.59375],"tintindex":0,"rotation":0,"texture":"#0"}},"rotation":{"origin":[7.9249034,9.911206,8.130431],"angle":-22.5,"axis":"z"}},{"from":[-14.445211,-3.2644367,8.766308],"to":[-9.378544,-1.2377701,10.792974],"faces":{"east":{"uv":[5.0625,9.375,5.3125,9.625],"tintindex":0,"rotation":0,"texture":"#0"},"south":{"uv":[8.875,3.0625,9.5,3.3125],"tintindex":0,"rotation":0,"texture":"#0"},"north":{"uv":[8.875,2.8125,9.5,3.0625],"tintindex":0,"rotation":0,"texture":"#0"},"west":{"uv":[9.375,8.75,9.625,9.0],"tintindex":0,"rotation":0,"texture":"#0"},"up":{"uv":[9.53125,6.4375,8.90625,6.1875],"tintindex":0,"rotation":0,"texture":"#0"},"down":{"uv":[9.53125,6.4375,8.90625,6.6875],"tintindex":0,"rotation":0,"texture":"#0"}},"rotation":{"origin":[-13.746496,-2.2459764,8.023495],"angle":22.5,"axis":"y"}},{"from":[-14.295242,-3.2644367,5.394762],"to":[-9.228579,-1.2377701,7.4214287],"faces":{"east":{"uv":[1.5625,9.375,1.8125,9.625],"tintindex":0,"rotation":0,"texture":"#0"},"south":{"uv":[8.71875,5.5625,9.34375,5.8125],"tintindex":0,"rotation":0,"texture":"#0"},"north":{"uv":[8.71875,5.3125,9.34375,5.5625],"tintindex":0,"rotation":0,"texture":"#0"},"west":{"uv":[4.8125,9.375,5.0625,9.625],"tintindex":0,"rotation":0,"texture":"#0"},"up":{"uv":[9.375,9.0,8.75,8.75],"tintindex":0,"rotation":0,"texture":"#0"},"down":{"uv":[7.25,8.78125,6.625,9.03125],"tintindex":0,"rotation":0,"texture":"#0"}},"rotation":{"origin":[-13.746496,-2.2459764,8.023495],"angle":-22.5,"axis":"y"}},{"from":[-5.4483433,8.355614,6.3903832],"to":[9.244991,11.395615,9.430383],"faces":{"east":{"uv":[5.4375,9.125,5.8125,9.5],"tintindex":0,"rotation":0,"texture":"#0"},"south":{"uv":[6.125,4.375,7.9375,4.75],"tintindex":0,"rotation":0,"texture":"#0"},"north":{"uv":[6.125,4.0,7.9375,4.375],"tintindex":0,"rotation":0,"texture":"#0"},"west":{"uv":[9.15625,6.9375,9.53125,7.3125],"tintindex":0,"rotation":0,"texture":"#0"},"up":{"uv":[8.125,1.125,6.3125,0.75],"tintindex":0,"rotation":0,"texture":"#0"},"down":{"uv":[8.125,1.125,6.3125,1.5],"tintindex":0,"rotation":0,"texture":"#0"}},"rotation":{"origin":[7.062449,9.968097,8.080899],"angle":-45.0,"axis":"z"}},{"from":[-6.3838415,3.2712173,7.136247],"to":[-4.863841,5.80455,8.656246],"faces":{"east":{"uv":[0.1875,9.5625,0.375,9.875],"tintindex":0,"rotation":0,"texture":"#0"},"south":{"uv":[0.375,9.5625,0.5625,9.875],"tintindex":0,"rotation":0,"texture":"#0"},"north":{"uv":[0.0,9.5625,0.1875,9.875],"tintindex":0,"rotation":0,"texture":"#0"},"west":{"uv":[0.5625,9.5625,0.75,9.875],"tintindex":0,"rotation":0,"texture":"#0"},"up":{"uv":[9.90625,7.375,9.71875,7.1875],"tintindex":0,"rotation":0,"texture":"#0"},"down":{"uv":[9.90625,7.875,9.71875,8.0625],"tintindex":0,"rotation":0,"texture":"#0"}}},{"from":[-15.623388,-3.2644367,9.407426],"to":[-13.596722,-1.7444372,10.927427],"faces":{"east":{"uv":[9.71875,6.4375,9.90625,6.625],"tintindex":0,"rotation":0,"texture":"#0"},"south":{"uv":[9.65625,0.75,9.90625,0.9375],"tintindex":0,"rotation":0,"texture":"#0"},"north":{"uv":[9.625,9.65625,9.875,9.84375],"tintindex":0,"rotation":0,"texture":"#0"},"west":{"uv":[9.71875,6.625,9.90625,6.8125],"tintindex":0,"rotation":0,"texture":"#0"},"up":{"uv":[9.90625,1.125,9.65625,0.9375],"tintindex":0,"rotation":0,"texture":"#0"},"down":{"uv":[9.90625,1.125,9.65625,1.3125],"tintindex":0,"rotation":0,"texture":"#0"}},"rotation":{"origin":[-14.297018,-2.2459764,10.35021],"angle":22.5,"axis":"y"}}],"display":{"head":{"rotation":[0.0,0.0,0.0]},"firstperson_righthand":{"rotation":[0.0,0.0,0.0]},"thirdperson_lefthand":{"rotation":[0.0,-0.0,-0.0]},"firstperson_lefthand":{"rotation":[0.0,-0.0,-0.0]},"fixed":{"rotation":[0.0,0.0,0.0]},"ground":{"rotation":[0.0,0.0,0.0]},"thirdperson_righthand":{"rotation":[0.0,0.0,0.0]},"gui":{"rotation":[-150.0,-45.0,180.0]}}}