{"textures":{"0":"tlaminecraft:entity/canyoncrawler_texture"},"elements":[{"from":[-15.4202385,-3.170802,6.318473],"to":[-13.39357,-1.6508017,7.838473],"faces":{"east":{"uv":[7.0,5.875,7.1875,6.0625],"tintindex":0,"rotation":0,"texture":"#0"},"south":{"uv":[9.5625,1.75,9.8125,1.9375],"tintindex":0,"rotation":0,"texture":"#0"},"north":{"uv":[9.34375,5.625,9.59375,5.8125],"tintindex":0,"rotation":0,"texture":"#0"},"west":{"uv":[7.25,9.09375,7.4375,9.28125],"tintindex":0,"rotation":0,"texture":"#0"},"up":{"uv":[9.8125,4.1875,9.5625,4.0],"tintindex":0,"rotation":0,"texture":"#0"},"down":{"uv":[9.84375,5.625,9.59375,5.8125],"tintindex":0,"rotation":0,"texture":"#0"}},"rotation":{"origin":[-12.346134,-1.6500092,6.0372705],"angle":-22.5,"axis":"y"}},{"from":[-14.371023,-3.170802,5.6723194],"to":[-9.304356,-1.1441345,7.698986],"faces":{"east":{"uv":[6.75,5.875,7.0,6.125],"tintindex":0,"rotation":0,"texture":"#0"},"south":{"uv":[5.375,0.75,6.0,1.0],"tintindex":0,"rotation":0,"texture":"#0"},"north":{"uv":[5.1875,1.8125,5.8125,2.0625],"tintindex":0,"rotation":0,"texture":"#0"},"west":{"uv":[7.6875,3.3125,7.9375,3.5625],"tintindex":0,"rotation":0,"texture":"#0"},"up":{"uv":[6.75,5.0,6.125,4.75],"tintindex":0,"rotation":0,"texture":"#0"},"down":{"uv":[6.75,5.78125,6.125,6.03125],"tintindex":0,"rotation":0,"texture":"#0"}},"rotation":{"origin":[-13.822279,-2.152341,8.2978525],"angle":-22.5,"axis":"y"}},{"from":[-6.70909,2.7818146,7.427699],"to":[-5.1890907,5.3151474,8.9477],"faces":{"east":{"uv":[1.875,7.78125,2.0625,8.09375],"tintindex":0,"rotation":0,"texture":"#0"},"south":{"uv":[1.875,8.09375,2.0625,8.40625],"tintindex":0,"rotation":0,"texture":"#0"},"north":{"uv":[7.75,1.5,7.9375,1.8125],"tintindex":0,"rotation":0,"texture":"#0"},"west":{"uv":[7.25,8.78125,7.4375,9.09375],"tintindex":0,"rotation":0,"texture":"#0"},"up":{"uv":[6.3125,9.90625,6.125,9.71875],"tintindex":0,"rotation":0,"texture":"#0"},"down":{"uv":[9.90625,4.4375,9.71875,4.625],"tintindex":0,"rotation":0,"texture":"#0"}}},{"from":[-5.495531,8.482038,6.667699],"to":[9.197803,11.5220375,9.707699],"faces":{"east":{"uv":[6.125,9.09375,6.5,9.46875],"tintindex":0,"rotation":0,"texture":"#0"},"south":{"uv":[6.125,2.1875,7.9375,2.5625],"tintindex":0,"rotation":0,"texture":"#0"},"north":{"uv":[6.125,1.8125,7.9375,2.1875],"tintindex":0,"rotation":0,"texture":"#0"},"west":{"uv":[4.4375,9.125,4.8125,9.5],"tintindex":0,"rotation":0,"texture":"#0"},"up":{"uv":[7.9375,2.9375,6.125,2.5625],"tintindex":0,"rotation":0,"texture":"#0"},"down":{"uv":[7.9375,3.625,6.125,4.0],"tintindex":0,"rotation":0,"texture":"#0"}},"rotation":{"origin":[6.9866667,10.061732,8.355258],"angle":-45.0,"axis":"z"}},{"from":[-14.5232525,-3.170802,9.042932],"to":[-9.456587,-1.1441345,11.069598],"faces":{"east":{"uv":[0.625,8.9375,0.875,9.1875],"tintindex":0,"rotation":0,"texture":"#0"},"south":{"uv":[7.21875,6.5625,7.84375,6.8125],"tintindex":0,"rotation":0,"texture":"#0"},"north":{"uv":[7.0625,3.3125,7.6875,3.5625],"tintindex":0,"rotation":0,"texture":"#0"},"west":{"uv":[1.3125,9.375,1.5625,9.625],"tintindex":0,"rotation":0,"texture":"#0"},"up":{"uv":[9.28125,8.5625,8.65625,8.3125],"tintindex":0,"rotation":0,"texture":"#0"},"down":{"uv":[9.34375,5.0625,8.71875,5.3125],"tintindex":0,"rotation":0,"texture":"#0"}},"rotation":{"origin":[-13.822279,-2.152341,8.2978525],"angle":22.5,"axis":"y"}},{"from":[-15.701429,-3.170802,9.684051],"to":[-13.674765,-1.6508017,11.20405],"faces":{"east":{"uv":[6.875,9.65625,7.0625,9.84375],"tintindex":0,"rotation":0,"texture":"#0"},"south":{"uv":[9.625,8.75,9.875,8.9375],"tintindex":0,"rotation":0,"texture":"#0"},"north":{"uv":[9.125,9.625,9.375,9.8125],"tintindex":0,"rotation":0,"texture":"#0"},"west":{"uv":[3.4375,9.6875,3.625,9.875],"tintindex":0,"rotation":0,"texture":"#0"},"up":{"uv":[9.875,9.125,9.625,8.9375],"tintindex":0,"rotation":0,"texture":"#0"},"down":{"uv":[9.875,9.125,9.625,9.3125],"tintindex":0,"rotation":0,"texture":"#0"}},"rotation":{"origin":[-14.372801,-2.152341,10.624568],"angle":22.5,"axis":"y"}},{"from":[-4.9357376,-8.441135,6.9210324],"to":[-2.4024048,12.838866,9.454366],"faces":{"east":{"uv":[0.3125,5.25,0.625,7.875],"tintindex":0,"rotation":0,"texture":"#0"},"south":{"uv":[0.625,5.25,0.9375,7.875],"tintindex":0,"rotation":0,"texture":"#0"},"north":{"uv":[0.0,5.25,0.3125,7.875],"tintindex":0,"rotation":0,"texture":"#0"},"west":{"uv":[5.8125,5.8125,6.125,8.4375],"tintindex":0,"rotation":0,"texture":"#0"},"up":{"uv":[6.125,2.125,5.8125,1.8125],"tintindex":0,"rotation":0,"texture":"#0"},"down":{"uv":[6.3125,0.75,6.0,1.0625],"tintindex":0,"rotation":0,"texture":"#0"}},"rotation":{"origin":[7.849121,10.004843,8.404789],"angle":-22.5,"axis":"z"}},{"from":[-7.9757576,-0.25818634,7.427699],"to":[-6.455757,2.2751474,8.9477],"faces":{"east":{"uv":[0.75,9.5,0.9375,9.8125],"tintindex":0,"rotation":0,"texture":"#0"},"south":{"uv":[9.53125,5.875,9.71875,6.1875],"tintindex":0,"rotation":0,"texture":"#0"},"north":{"uv":[0.75,9.1875,0.9375,9.5],"tintindex":0,"rotation":0,"texture":"#0"},"west":{"uv":[9.53125,6.1875,9.71875,6.5],"tintindex":0,"rotation":0,"texture":"#0"},"up":{"uv":[9.90625,4.8125,9.71875,4.625],"tintindex":0,"rotation":0,"texture":"#0"},"down":{"uv":[9.90625,5.875,9.71875,6.0625],"tintindex":0,"rotation":0,"texture":"#0"}}}],"display":{"gui":{"rotation":[30,225,0]}}}