{"textures":{"0":"tlaminecraft:entity/canyoncrawler_texture"},"elements":[{"from":[1.9200001,3.025196,7.598631],"to":[14.08,14.425196,13.678631],"faces":{"east":{"uv":[0.0,7.875,0.5,8.8125],"tintindex":0,"rotation":0,"texture":"#0"},"south":{"uv":[5.125,2.125,6.125,3.0625],"tintindex":0,"rotation":0,"texture":"#0"},"north":{"uv":[1.0625,5.0625,2.0625,6.0],"tintindex":0,"rotation":0,"texture":"#0"},"west":{"uv":[7.9375,3.3125,8.4375,4.25],"tintindex":0,"rotation":0,"texture":"#0"},"up":{"uv":[8.4375,8.09375,7.4375,7.59375],"tintindex":0,"rotation":0,"texture":"#0"},"down":{"uv":[8.9375,1.5,7.9375,2.0],"tintindex":0,"rotation":0,"texture":"#0"}}},{"from":[3.44,4.5451965,13.678631],"to":[12.559999,12.905195,19.758629],"faces":{"east":{"uv":[8.40625,6.1875,8.90625,6.875],"tintindex":0,"rotation":0,"texture":"#0"},"south":{"uv":[6.6875,7.59375,7.4375,8.28125],"tintindex":0,"rotation":0,"texture":"#0"},"north":{"uv":[7.21875,5.875,7.96875,6.5625],"tintindex":0,"rotation":0,"texture":"#0"},"west":{"uv":[5.4375,8.4375,5.9375,9.125],"tintindex":0,"rotation":0,"texture":"#0"},"up":{"uv":[7.4375,8.78125,6.6875,8.28125],"tintindex":0,"rotation":0,"texture":"#0"},"down":{"uv":[9.0625,0.0,8.3125,0.5],"tintindex":0,"rotation":0,"texture":"#0"}}},{"from":[4.96,6.065195,19.758629],"to":[11.04,11.385197,24.31863],"faces":{"east":{"uv":[4.4375,8.6875,4.8125,9.125],"tintindex":0,"rotation":0,"texture":"#0"},"south":{"uv":[8.4375,7.5,8.9375,7.9375],"tintindex":0,"rotation":0,"texture":"#0"},"north":{"uv":[8.4375,3.6875,8.9375,4.125],"tintindex":0,"rotation":0,"texture":"#0"},"west":{"uv":[8.71875,4.625,9.09375,5.0625],"tintindex":0,"rotation":0,"texture":"#0"},"up":{"uv":[9.15625,8.3125,8.65625,7.9375],"tintindex":0,"rotation":0,"texture":"#0"},"down":{"uv":[6.625,8.71875,6.125,9.09375],"tintindex":0,"rotation":0,"texture":"#0"}}},{"from":[6.48,7.5851955,24.31863],"to":[9.52,9.865196,25.83863],"faces":{"east":{"uv":[1.375,2.875,1.5,3.0625],"tintindex":0,"rotation":0,"texture":"#0"},"south":{"uv":[5.4375,8.25,5.6875,8.4375],"tintindex":0,"rotation":0,"texture":"#0"},"north":{"uv":[2.625,1.3125,2.875,1.5],"tintindex":0,"rotation":0,"texture":"#0"},"west":{"uv":[1.375,3.0625,1.5,3.25],"tintindex":0,"rotation":0,"texture":"#0"},"up":{"uv":[2.3125,5.1875,2.0625,5.0625],"tintindex":0,"rotation":0,"texture":"#0"},"down":{"uv":[5.375,3.0625,5.125,3.1875],"tintindex":0,"rotation":0,"texture":"#0"}}}],"display":{"gui":{"rotation":[30,225,0]}}}