{"textures":{"0":"tlaminecraft:entity/canyoncrawler_texture","particle":"#0"},"elements":[{"from":[25.228579,-3.2644367,5.394762],"to":[30.295242,-1.2377701,7.4214287],"faces":{"east":{"uv":[9.375,9.0,9.625,9.25],"tintindex":0,"rotation":0,"texture":"#0"},"south":{"uv":[0.0,8.9375,0.625,9.1875],"tintindex":0,"rotation":0,"texture":"#0"},"north":{"uv":[8.90625,6.6875,9.53125,6.9375],"tintindex":0,"rotation":0,"texture":"#0"},"west":{"uv":[9.40625,9.40625,9.65625,9.65625],"tintindex":0,"rotation":0,"texture":"#0"},"up":{"uv":[9.5625,1.6875,8.9375,1.4375],"tintindex":0,"rotation":0,"texture":"#0"},"down":{"uv":[9.5625,1.6875,8.9375,1.9375],"tintindex":0,"rotation":0,"texture":"#0"}},"rotation":{"origin":[29.746496,-2.2459764,8.023495],"angle":22.5,"axis":"y"}},{"from":[25.378544,-3.2644367,8.766308],"to":[30.445211,-1.2377701,10.792974],"faces":{"east":{"uv":[6.125,9.46875,6.375,9.71875],"tintindex":0,"rotation":0,"texture":"#0"},"south":{"uv":[8.9375,3.9375,9.5625,4.1875],"tintindex":0,"rotation":0,"texture":"#0"},"north":{"uv":[8.9375,3.6875,9.5625,3.9375],"tintindex":0,"rotation":0,"texture":"#0"},"west":{"uv":[4.4375,9.5,4.6875,9.75],"tintindex":0,"rotation":0,"texture":"#0"},"up":{"uv":[9.5625,7.75,8.9375,7.5],"tintindex":0,"rotation":0,"texture":"#0"},"down":{"uv":[9.375,9.0,8.75,9.25],"tintindex":0,"rotation":0,"texture":"#0"}},"rotation":{"origin":[29.746496,-2.2459764,8.023495],"angle":-22.5,"axis":"y"}},{"from":[22.130508,0.23121691,7.136247],"to":[23.650509,2.7645502,8.656246],"faces":{"east":{"uv":[9.5625,3.6875,9.75,4.0],"tintindex":0,"rotation":0,"texture":"#0"},"south":{"uv":[9.5625,7.4375,9.75,7.75],"tintindex":0,"rotation":0,"texture":"#0"},"north":{"uv":[9.5625,1.4375,9.75,1.75],"tintindex":0,"rotation":0,"texture":"#0"},"west":{"uv":[7.0625,9.59375,7.25,9.90625],"tintindex":0,"rotation":0,"texture":"#0"},"up":{"uv":[5.8125,9.9375,5.625,9.75],"tintindex":0,"rotation":0,"texture":"#0"},"down":{"uv":[9.9375,1.4375,9.75,1.625],"tintindex":0,"rotation":0,"texture":"#0"}}},{"from":[20.863842,3.2712173,7.136247],"to":[22.383842,5.80455,8.656246],"faces":{"east":{"uv":[1.3125,9.625,1.5,9.9375],"tintindex":0,"rotation":0,"texture":"#0"},"south":{"uv":[1.5,9.625,1.6875,9.9375],"tintindex":0,"rotation":0,"texture":"#0"},"north":{"uv":[7.25,9.59375,7.4375,9.90625],"tintindex":0,"rotation":0,"texture":"#0"},"west":{"uv":[1.6875,9.625,1.875,9.9375],"tintindex":0,"rotation":0,"texture":"#0"},"up":{"uv":[9.9375,3.0,9.75,2.8125],"tintindex":0,"rotation":0,"texture":"#0"},"down":{"uv":[9.9375,3.0,9.75,3.1875],"tintindex":0,"rotation":0,"texture":"#0"}}},{"from":[29.317795,-3.2644367,6.040915],"to":[31.344458,-1.7444372,7.5609155],"faces":{"east":{"uv":[9.71875,8.0625,9.90625,8.25],"tintindex":0,"rotation":0,"texture":"#0"},"south":{"uv":[9.65625,5.1875,9.90625,5.375],"tintindex":0,"rotation":0,"texture":"#0"},"north":{"uv":[9.65625,5.0,9.90625,5.1875],"tintindex":0,"rotation":0,"texture":"#0"},"west":{"uv":[4.4375,9.75,4.625,9.9375],"tintindex":0,"rotation":0,"texture":"#0"},"up":{"uv":[9.90625,5.5625,9.65625,5.375],"tintindex":0,"rotation":0,"texture":"#0"},"down":{"uv":[9.90625,9.3125,9.65625,9.5],"tintindex":0,"rotation":0,"texture":"#0"}},"rotation":{"origin":[28.270351,-1.7436447,5.762912],"angle":22.5,"axis":"y"}},{"from":[29.596722,-3.2644367,9.407426],"to":[31.623388,-1.7444372,10.927427],"faces":{"east":{"uv":[5.25,9.75,5.4375,9.9375],"tintindex":0,"rotation":0,"texture":"#0"},"south":{"uv":[2.6875,9.6875,2.9375,9.875],"tintindex":0,"rotation":0,"texture":"#0"},"north":{"uv":[2.4375,9.6875,2.6875,9.875],"tintindex":0,"rotation":0,"texture":"#0"},"west":{"uv":[5.4375,9.75,5.625,9.9375],"tintindex":0,"rotation":0,"texture":"#0"},"up":{"uv":[3.1875,9.875,2.9375,9.6875],"tintindex":0,"rotation":0,"texture":"#0"},"down":{"uv":[3.4375,9.6875,3.1875,9.875],"tintindex":0,"rotation":0,"texture":"#0"}},"rotation":{"origin":[30.297018,-2.2459764,10.35021],"angle":-22.5,"axis":"y"}},{"from":[6.7550087,8.355614,6.3903832],"to":[21.448343,11.395615,9.430383],"faces":{"east":{"uv":[9.15625,7.875,9.53125,8.25],"tintindex":0,"rotation":0,"texture":"#0"},"south":{"uv":[6.5,0.375,8.3125,0.75],"tintindex":0,"rotation":0,"texture":"#0"},"north":{"uv":[6.5,0.0,8.3125,0.375],"tintindex":0,"rotation":0,"texture":"#0"},"west":{"uv":[0.0,9.1875,0.375,9.5625],"tintindex":0,"rotation":0,"texture":"#0"},"up":{"uv":[7.9375,7.21875,6.125,6.84375],"tintindex":0,"rotation":0,"texture":"#0"},"down":{"uv":[8.71875,4.75,6.90625,5.125],"tintindex":0,"rotation":0,"texture":"#0"}},"rotation":{"origin":[8.937551,9.968097,8.080899],"angle":45.0,"axis":"z"}},{"from":[18.325497,-8.534304,6.643717],"to":[20.85883,12.745697,9.177051],"faces":{"east":{"uv":[3.625,5.9375,3.9375,8.5625],"tintindex":0,"rotation":0,"texture":"#0"},"south":{"uv":[3.9375,5.9375,4.25,8.5625],"tintindex":0,"rotation":0,"texture":"#0"},"north":{"uv":[3.3125,5.9375,3.625,8.5625],"tintindex":0,"rotation":0,"texture":"#0"},"west":{"uv":[0.9375,6.0,1.25,8.625],"tintindex":0,"rotation":0,"texture":"#0"},"up":{"uv":[9.65625,1.0625,9.34375,0.75],"tintindex":0,"rotation":0,"texture":"#0"},"down":{"uv":[9.65625,1.0625,9.34375,1.375],"tintindex":0,"rotation":0,"texture":"#0"}},"rotation":{"origin":[8.075096,9.911206,8.130431],"angle":22.5,"axis":"z"}}],"display":{"head":{"rotation":[0.0,0.0,0.0]},"firstperson_righthand":{"rotation":[0.0,0.0,0.0]},"thirdperson_lefthand":{"rotation":[0.0,-0.0,-0.0]},"firstperson_lefthand":{"rotation":[0.0,-0.0,-0.0]},"fixed":{"rotation":[0.0,0.0,0.0]},"ground":{"rotation":[0.0,0.0,0.0]},"thirdperson_righthand":{"rotation":[0.0,0.0,0.0]},"gui":{"rotation":[-150.0,-45.0,180.0]}}}