{"textures":{"0":"tlaminecraft:entity/canyoncrawler_texture"},"elements":[{"from":[25.304356,-3.170802,5.6723194],"to":[30.371023,-1.1441345,7.698986],"faces":{"east":{"uv":[5.3125,9.5,5.5625,9.75],"tintindex":0,"rotation":0,"texture":"#0"},"south":{"uv":[9.0625,0.0,9.6875,0.25],"tintindex":0,"rotation":0,"texture":"#0"},"north":{"uv":[6.625,9.03125,7.25,9.28125],"tintindex":0,"rotation":0,"texture":"#0"},"west":{"uv":[5.5625,9.5,5.8125,9.75],"tintindex":0,"rotation":0,"texture":"#0"},"up":{"uv":[9.6875,0.5,9.0625,0.25],"tintindex":0,"rotation":0,"texture":"#0"},"down":{"uv":[9.6875,1.9375,9.0625,2.1875],"tintindex":0,"rotation":0,"texture":"#0"}},"rotation":{"origin":[29.822279,-2.152341,8.2978525],"angle":22.5,"axis":"y"}},{"from":[29.39357,-3.170802,6.318473],"to":[31.420238,-1.6508017,7.838473],"faces":{"east":{"uv":[9.78125,2.5,9.96875,2.6875],"tintindex":0,"rotation":0,"texture":"#0"},"south":{"uv":[7.6875,9.6875,7.9375,9.875],"tintindex":0,"rotation":0,"texture":"#0"},"north":{"uv":[7.4375,9.6875,7.6875,9.875],"tintindex":0,"rotation":0,"texture":"#0"},"west":{"uv":[9.78125,4.1875,9.96875,4.375],"tintindex":0,"rotation":0,"texture":"#0"},"up":{"uv":[8.1875,9.875,7.9375,9.6875],"tintindex":0,"rotation":0,"texture":"#0"},"down":{"uv":[8.4375,9.6875,8.1875,9.875],"tintindex":0,"rotation":0,"texture":"#0"}},"rotation":{"origin":[28.346134,-1.6500092,6.0372705],"angle":22.5,"axis":"y"}},{"from":[21.18909,2.7818146,7.427699],"to":[22.709091,5.3151474,8.9477],"faces":{"east":{"uv":[2.0625,9.625,2.25,9.9375],"tintindex":0,"rotation":0,"texture":"#0"},"south":{"uv":[2.25,9.625,2.4375,9.9375],"tintindex":0,"rotation":0,"texture":"#0"},"north":{"uv":[1.875,9.625,2.0625,9.9375],"tintindex":0,"rotation":0,"texture":"#0"},"west":{"uv":[4.6875,9.625,4.875,9.9375],"tintindex":0,"rotation":0,"texture":"#0"},"up":{"uv":[9.9375,3.875,9.75,3.6875],"tintindex":0,"rotation":0,"texture":"#0"},"down":{"uv":[9.9375,7.375,9.75,7.5625],"tintindex":0,"rotation":0,"texture":"#0"}}},{"from":[18.402405,-8.441135,6.9210324],"to":[20.935738,12.838866,9.454366],"faces":{"east":{"uv":[1.5625,6.0,1.875,8.625],"tintindex":0,"rotation":0,"texture":"#0"},"south":{"uv":[4.25,6.0625,4.5625,8.6875],"tintindex":0,"rotation":0,"texture":"#0"},"north":{"uv":[1.25,6.0,1.5625,8.625],"tintindex":0,"rotation":0,"texture":"#0"},"west":{"uv":[4.5625,6.0625,4.875,8.6875],"tintindex":0,"rotation":0,"texture":"#0"},"up":{"uv":[9.65625,5.3125,9.34375,5.0],"tintindex":0,"rotation":0,"texture":"#0"},"down":{"uv":[9.65625,5.3125,9.34375,5.625],"tintindex":0,"rotation":0,"texture":"#0"}},"rotation":{"origin":[8.150879,10.004843,8.404789],"angle":22.5,"axis":"z"}},{"from":[25.456587,-3.170802,9.042932],"to":[30.523252,-1.1441345,11.069598],"faces":{"east":{"uv":[9.5,2.8125,9.75,3.0625],"tintindex":0,"rotation":0,"texture":"#0"},"south":{"uv":[9.09375,4.625,9.71875,4.875],"tintindex":0,"rotation":0,"texture":"#0"},"north":{"uv":[9.0625,2.1875,9.6875,2.4375],"tintindex":0,"rotation":0,"texture":"#0"},"west":{"uv":[9.5,3.0625,9.75,3.3125],"tintindex":0,"rotation":0,"texture":"#0"},"up":{"uv":[9.78125,2.6875,9.15625,2.4375],"tintindex":0,"rotation":0,"texture":"#0"},"down":{"uv":[9.78125,4.1875,9.15625,4.4375],"tintindex":0,"rotation":0,"texture":"#0"}},"rotation":{"origin":[29.822279,-2.152341,8.2978525],"angle":-22.5,"axis":"y"}},{"from":[22.455757,-0.25818634,7.427699],"to":[23.975758,2.2751474,8.9477],"faces":{"east":{"uv":[5.0625,9.625,5.25,9.9375],"tintindex":0,"rotation":0,"texture":"#0"},"south":{"uv":[8.75,9.625,8.9375,9.9375],"tintindex":0,"rotation":0,"texture":"#0"},"north":{"uv":[4.875,9.625,5.0625,9.9375],"tintindex":0,"rotation":0,"texture":"#0"},"west":{"uv":[8.9375,9.625,9.125,9.9375],"tintindex":0,"rotation":0,"texture":"#0"},"up":{"uv":[9.9375,7.75,9.75,7.5625],"tintindex":0,"rotation":0,"texture":"#0"},"down":{"uv":[9.96875,2.3125,9.78125,2.5],"tintindex":0,"rotation":0,"texture":"#0"}}},{"from":[29.674765,-3.170802,9.684051],"to":[31.70143,-1.6508017,11.20405],"faces":{"east":{"uv":[0.75,9.8125,0.9375,10.0],"tintindex":0,"rotation":0,"texture":"#0"},"south":{"uv":[9.6875,0.1875,9.9375,0.375],"tintindex":0,"rotation":0,"texture":"#0"},"north":{"uv":[9.6875,0.0,9.9375,0.1875],"tintindex":0,"rotation":0,"texture":"#0"},"west":{"uv":[9.125,9.8125,9.3125,10.0],"tintindex":0,"rotation":0,"texture":"#0"},"up":{"uv":[9.9375,2.125,9.6875,1.9375],"tintindex":0,"rotation":0,"texture":"#0"},"down":{"uv":[9.9375,2.125,9.6875,2.3125],"tintindex":0,"rotation":0,"texture":"#0"}},"rotation":{"origin":[30.3728,-2.152341,10.624568],"angle":-22.5,"axis":"y"}},{"from":[6.8021975,8.482038,6.667699],"to":[21.495531,11.5220375,9.707699],"faces":{"east":{"uv":[0.375,9.1875,0.75,9.5625],"tintindex":0,"rotation":0,"texture":"#0"},"south":{"uv":[6.90625,5.5,8.71875,5.875],"tintindex":0,"rotation":0,"texture":"#0"},"north":{"uv":[6.90625,5.125,8.71875,5.5],"tintindex":0,"rotation":0,"texture":"#0"},"west":{"uv":[8.75,9.25,9.125,9.625],"tintindex":0,"rotation":0,"texture":"#0"},"up":{"uv":[8.875,3.3125,7.0625,2.9375],"tintindex":0,"rotation":0,"texture":"#0"},"down":{"uv":[7.9375,7.21875,6.125,7.59375],"tintindex":0,"rotation":0,"texture":"#0"}},"rotation":{"origin":[9.013333,10.061732,8.355258],"angle":45.0,"axis":"z"}}],"display":{"gui":{"rotation":[30,225,0]}}}