{"textures":{"0":"tlaminecraft:entity/canyoncrawler_texture"},"elements":[{"from":[7.24,8.648077,-11.252274],"to":[8.76,9.408077,9.267729],"faces":{"east":{"uv":[8.3125,0.6875,10.0,0.75],"tintindex":0,"rotation":0,"texture":"#0"},"south":{"uv":[6.125,3.0,6.25,3.0625],"tintindex":0,"rotation":0,"texture":"#0"},"north":{"uv":[1.3125,3.9375,1.4375,4.0],"tintindex":0,"rotation":0,"texture":"#0"},"west":{"uv":[8.71875,5.8125,10.40625,5.875],"tintindex":0,"rotation":0,"texture":"#0"},"up":{"uv":[4.3125,10.375,4.1875,8.6875],"tintindex":0,"rotation":0,"texture":"#0"},"down":{"uv":[4.4375,8.6875,4.3125,10.375],"tintindex":0,"rotation":0,"texture":"#0"}}},{"from":[8.245829,8.686077,-14.341171],"to":[9.005828,9.389078,-11.30117],"faces":{"east":{"uv":[1.0625,3.9375,1.3125,4.0],"tintindex":0,"rotation":0,"texture":"#0"},"south":{"uv":[3.9375,2.125,4.0,2.1875],"tintindex":0,"rotation":0,"texture":"#0"},"north":{"uv":[1.4375,3.9375,1.5,4.0],"tintindex":0,"rotation":0,"texture":"#0"},"west":{"uv":[4.0,3.90625,4.25,3.96875],"tintindex":0,"rotation":0,"texture":"#0"},"up":{"uv":[1.4375,3.5,1.375,3.25],"tintindex":0,"rotation":0,"texture":"#0"},"down":{"uv":[1.5,3.25,1.4375,3.5],"tintindex":0,"rotation":0,"texture":"#0"}},"rotation":{"origin":[8.0,8.02211,-11.8963585],"angle":-22.5,"axis":"y"}},{"from":[6.994172,8.686077,-14.341171],"to":[7.754172,9.389078,-11.30117],"faces":{"east":{"uv":[5.5625,5.40625,5.8125,5.46875],"tintindex":0,"rotation":0,"texture":"#0"},"south":{"uv":[3.9375,2.25,4.0,2.3125],"tintindex":0,"rotation":0,"texture":"#0"},"north":{"uv":[3.9375,2.1875,4.0,2.25],"tintindex":0,"rotation":0,"texture":"#0"},"west":{"uv":[6.125,2.9375,6.375,3.0],"tintindex":0,"rotation":0,"texture":"#0"},"up":{"uv":[1.4375,3.75,1.375,3.5],"tintindex":0,"rotation":0,"texture":"#0"},"down":{"uv":[1.5,3.5,1.4375,3.75],"tintindex":0,"rotation":0,"texture":"#0"}},"rotation":{"origin":[8.0,8.02211,-11.8963585],"angle":22.5,"axis":"y"}}],"display":{"gui":{"rotation":[30,225,0]}}}