{"file_name":"chest","texture_size":[256,256],"textures":{"61540235-c9fa-4e8b-8b10-ccd647bc9569":"modelengine:entity/ostrichhorse_texture"},"elements":[{"name":"chest","from":[4.58,-1.2400002,1.5199996],"to":[11.42,1.6399995,18.8],"rotation":{"angle":0.0,"axis":"x","origin":[7.8199997,-4.120001,9.440001]},"faces":{"down":{"uv":[0.0,3.4375,1.1875,6.4375],"rotation":0,"texture":"#61540235-c9fa-4e8b-8b10-ccd647bc9569","tintindex":0},"east":{"uv":[3.8125,3.0625,6.8125,3.5625],"rotation":0,"texture":"#61540235-c9fa-4e8b-8b10-ccd647bc9569","tintindex":0},"north":{"uv":[7.625,7.0,8.8125,7.5],"rotation":0,"texture":"#61540235-c9fa-4e8b-8b10-ccd647bc9569","tintindex":0},"south":{"uv":[7.6875,0.5,8.875,1.0],"rotation":0,"texture":"#61540235-c9fa-4e8b-8b10-ccd647bc9569","tintindex":0},"up":{"uv":[3.8125,5.625,2.625,2.625],"rotation":0,"texture":"#61540235-c9fa-4e8b-8b10-ccd647bc9569","tintindex":0},"west":{"uv":[3.8125,4.3125,6.8125,4.8125],"rotation":0,"texture":"#61540235-c9fa-4e8b-8b10-ccd647bc9569","tintindex":0}}},{"name":"chest","from":[4.22,1.6399995,0.43999958],"to":[11.780001,4.5200005,20.240002],"rotation":{"angle":0.0,"axis":"x","origin":[7.46,-1.2400002,9.440001]},"faces":{"down":{"uv":[1.3125,1.3125,2.625,4.75],"rotation":0,"texture":"#61540235-c9fa-4e8b-8b10-ccd647bc9569","tintindex":0},"east":{"uv":[3.8125,3.8125,7.25,4.3125],"rotation":0,"texture":"#61540235-c9fa-4e8b-8b10-ccd647bc9569","tintindex":0},"north":{"uv":[7.25,3.5625,8.5625,4.0625],"rotation":0,"texture":"#61540235-c9fa-4e8b-8b10-ccd647bc9569","tintindex":0},"south":{"uv":[7.4375,0.0,8.75,0.5],"rotation":0,"texture":"#61540235-c9fa-4e8b-8b10-ccd647bc9569","tintindex":0},"up":{"uv":[1.3125,3.4375,0.0,0.0],"rotation":0,"texture":"#61540235-c9fa-4e8b-8b10-ccd647bc9569","tintindex":0},"west":{"uv":[3.8125,2.5625,7.25,3.0625],"rotation":0,"texture":"#61540235-c9fa-4e8b-8b10-ccd647bc9569","tintindex":0}}},{"name":"chest","from":[4.7599998,-4.120001,2.6],"to":[11.24,-1.2400002,17.36],"rotation":{"angle":0.0,"axis":"x","origin":[8.0,-7.000001,9.440001]},"faces":{"down":{"uv":[3.75,0.0,4.875,2.5625],"rotation":0,"texture":"#61540235-c9fa-4e8b-8b10-ccd647bc9569","tintindex":0},"east":{"uv":[3.8125,4.8125,6.375,5.3125],"rotation":0,"texture":"#61540235-c9fa-4e8b-8b10-ccd647bc9569","tintindex":0},"north":{"uv":[7.6875,1.0,8.8125,1.5],"rotation":0,"texture":"#61540235-c9fa-4e8b-8b10-ccd647bc9569","tintindex":0},"south":{"uv":[7.9375,4.8125,9.0625,5.3125],"rotation":0,"texture":"#61540235-c9fa-4e8b-8b10-ccd647bc9569","tintindex":0},"up":{"uv":[3.75,2.5625,2.625,0.0],"rotation":0,"texture":"#61540235-c9fa-4e8b-8b10-ccd647bc9569","tintindex":0},"west":{"uv":[4.875,0.0,7.4375,0.5],"rotation":0,"texture":"#61540235-c9fa-4e8b-8b10-ccd647bc9569","tintindex":0}}}],"display":{"head":{"translation":[0.0,-6.4,0.0],"rotation":[0.0,0.0,0.0],"scale":[3.8095,3.8095,3.8095]},"gui":{"translation":[0.0,0.0,0.0],"rotation":[35.0,225.0,0.0],"scale":[0.625,0.625,0.625]}}}