{"file_name":"head","texture_size":[256,256],"textures":{"61540235-c9fa-4e8b-8b10-ccd647bc9569":"modelengine:entity/ostrichhorse_texture"},"elements":[{"name":"head","from":[5.66,6.7289343,3.9303863],"to":[10.34,11.4089365,11.130386],"rotation":{"angle":0.0,"axis":"x","origin":[8.9,1.3289342,11.130386]},"faces":{"down":{"uv":[6.8125,6.8125,7.625,8.0625],"rotation":0,"texture":"#61540235-c9fa-4e8b-8b10-ccd647bc9569","tintindex":0},"east":{"uv":[5.5625,6.1875,6.8125,7.0],"rotation":0,"texture":"#61540235-c9fa-4e8b-8b10-ccd647bc9569","tintindex":0},"north":{"uv":[7.25,2.25,8.0625,3.0625],"rotation":0,"texture":"#61540235-c9fa-4e8b-8b10-ccd647bc9569","tintindex":0},"south":{"uv":[7.625,6.1875,8.4375,7.0],"rotation":0,"texture":"#61540235-c9fa-4e8b-8b10-ccd647bc9569","tintindex":0},"up":{"uv":[0.8125,7.6875,0.0,6.4375],"rotation":0,"texture":"#61540235-c9fa-4e8b-8b10-ccd647bc9569","tintindex":0},"west":{"uv":[3.8125,6.75,5.0625,7.5625],"rotation":0,"texture":"#61540235-c9fa-4e8b-8b10-ccd647bc9569","tintindex":0}}},{"name":"brow","from":[5.57223,10.688936,4.9499626],"to":[6.1722302,11.348935,7.349963],"rotation":{"angle":0.0,"axis":"x","origin":[5.06,11.341055,5.1463504]},"faces":{"down":{"uv":[7.625,6.8125,6.8125,8.0625],"rotation":0,"texture":"#61540235-c9fa-4e8b-8b10-ccd647bc9569","tintindex":0},"east":{"uv":[5.0625,6.75,3.8125,7.5625],"rotation":0,"texture":"#61540235-c9fa-4e8b-8b10-ccd647bc9569","tintindex":0},"north":{"uv":[8.0625,2.25,7.25,3.0625],"rotation":0,"texture":"#61540235-c9fa-4e8b-8b10-ccd647bc9569","tintindex":0},"south":{"uv":[8.4375,6.1875,7.625,7.0],"rotation":0,"texture":"#61540235-c9fa-4e8b-8b10-ccd647bc9569","tintindex":0},"up":{"uv":[0.0,7.6875,0.8125,6.4375],"rotation":0,"texture":"#61540235-c9fa-4e8b-8b10-ccd647bc9569","tintindex":0},"west":{"uv":[10.125,9.25,8.875,10.0625],"rotation":0,"texture":"#61540235-c9fa-4e8b-8b10-ccd647bc9569","tintindex":0}}},{"name":"brow","from":[9.82777,10.688936,4.9499626],"to":[10.427771,11.348935,7.349963],"rotation":{"angle":0.0,"axis":"x","origin":[10.940001,11.341055,5.1463504]},"faces":{"down":{"uv":[6.8125,6.8125,7.625,8.0625],"rotation":0,"texture":"#61540235-c9fa-4e8b-8b10-ccd647bc9569","tintindex":0},"east":{"uv":[8.875,9.25,10.125,10.0625],"rotation":0,"texture":"#61540235-c9fa-4e8b-8b10-ccd647bc9569","tintindex":0},"north":{"uv":[7.25,2.25,8.0625,3.0625],"rotation":0,"texture":"#61540235-c9fa-4e8b-8b10-ccd647bc9569","tintindex":0},"south":{"uv":[7.625,6.1875,8.4375,7.0],"rotation":0,"texture":"#61540235-c9fa-4e8b-8b10-ccd647bc9569","tintindex":0},"up":{"uv":[0.8125,7.6875,0.0,6.4375],"rotation":0,"texture":"#61540235-c9fa-4e8b-8b10-ccd647bc9569","tintindex":0},"west":{"uv":[3.8125,6.75,5.0625,7.5625],"rotation":0,"texture":"#61540235-c9fa-4e8b-8b10-ccd647bc9569","tintindex":0}}},{"name":"right_ear_base","from":[8.978177,11.4089365,9.072209],"to":[10.058176,12.848935,9.79221],"rotation":{"angle":-45.0,"axis":"y","origin":[9.440001,11.4089365,9.690386]},"faces":{"down":{"uv":[9.0625,4.1875,9.25,4.3125],"rotation":0,"texture":"#61540235-c9fa-4e8b-8b10-ccd647bc9569","tintindex":0},"east":{"uv":[8.25,4.0625,8.375,4.3125],"rotation":0,"texture":"#61540235-c9fa-4e8b-8b10-ccd647bc9569","tintindex":0},"north":{"uv":[7.0625,5.3125,7.25,5.5625],"rotation":0,"texture":"#61540235-c9fa-4e8b-8b10-ccd647bc9569","tintindex":0},"south":{"uv":[7.25,5.3125,7.4375,5.5625],"rotation":0,"texture":"#61540235-c9fa-4e8b-8b10-ccd647bc9569","tintindex":0},"up":{"uv":[9.25,4.1875,9.0625,4.0625],"rotation":0,"texture":"#61540235-c9fa-4e8b-8b10-ccd647bc9569","tintindex":0},"west":{"uv":[8.0,9.0625,8.125,9.3125],"rotation":0,"texture":"#61540235-c9fa-4e8b-8b10-ccd647bc9569","tintindex":0}}},{"name":"left_ear_base","from":[5.9418235,11.4089365,9.072209],"to":[7.0218234,12.848935,9.79221],"rotation":{"angle":45.0,"axis":"y","origin":[6.56,11.4089365,9.690386]},"faces":{"down":{"uv":[9.0625,4.4375,9.25,4.5625],"rotation":0,"texture":"#61540235-c9fa-4e8b-8b10-ccd647bc9569","tintindex":0},"east":{"uv":[9.0625,3.0625,9.1875,3.3125],"rotation":0,"texture":"#61540235-c9fa-4e8b-8b10-ccd647bc9569","tintindex":0},"north":{"uv":[4.875,8.1875,5.0625,8.4375],"rotation":0,"texture":"#61540235-c9fa-4e8b-8b10-ccd647bc9569","tintindex":0},"south":{"uv":[8.1875,1.5,8.375,1.75],"rotation":0,"texture":"#61540235-c9fa-4e8b-8b10-ccd647bc9569","tintindex":0},"up":{"uv":[9.25,4.4375,9.0625,4.3125],"rotation":0,"texture":"#61540235-c9fa-4e8b-8b10-ccd647bc9569","tintindex":0},"west":{"uv":[9.0625,3.3125,9.1875,3.5625],"rotation":0,"texture":"#61540235-c9fa-4e8b-8b10-ccd647bc9569","tintindex":0}}},{"name":"right_ear_tip","from":[9.244392,12.80997,9.032955],"to":[9.964392,13.529968,9.392956],"rotation":{"angle":-45.0,"axis":"y","origin":[9.26,12.848935,9.510387]},"faces":{"down":{"uv":[3.6875,2.5625,3.8125,2.625],"rotation":0,"texture":"#61540235-c9fa-4e8b-8b10-ccd647bc9569","tintindex":0},"east":{"uv":[7.1875,2.4375,7.25,2.5625],"rotation":0,"texture":"#61540235-c9fa-4e8b-8b10-ccd647bc9569","tintindex":0},"north":{"uv":[9.0625,4.5625,9.1875,4.6875],"rotation":0,"texture":"#61540235-c9fa-4e8b-8b10-ccd647bc9569","tintindex":0},"south":{"uv":[9.0625,4.6875,9.1875,4.8125],"rotation":0,"texture":"#61540235-c9fa-4e8b-8b10-ccd647bc9569","tintindex":0},"up":{"uv":[3.6875,2.625,3.5625,2.5625],"rotation":0,"texture":"#61540235-c9fa-4e8b-8b10-ccd647bc9569","tintindex":0},"west":{"uv":[0.75,8.1875,0.8125,8.3125],"rotation":0,"texture":"#61540235-c9fa-4e8b-8b10-ccd647bc9569","tintindex":0}}},{"name":"left_ear_tip","from":[6.0356073,12.80997,9.032955],"to":[6.7556076,13.529968,9.392956],"rotation":{"angle":45.0,"axis":"y","origin":[6.74,12.848935,9.510387]},"faces":{"down":{"uv":[2.0625,5.5625,2.1875,5.625],"rotation":0,"texture":"#61540235-c9fa-4e8b-8b10-ccd647bc9569","tintindex":0},"east":{"uv":[8.625,2.125,8.6875,2.25],"rotation":0,"texture":"#61540235-c9fa-4e8b-8b10-ccd647bc9569","tintindex":0},"north":{"uv":[9.0625,4.8125,9.1875,4.9375],"rotation":0,"texture":"#61540235-c9fa-4e8b-8b10-ccd647bc9569","tintindex":0},"south":{"uv":[9.0625,4.9375,9.1875,5.0625],"rotation":0,"texture":"#61540235-c9fa-4e8b-8b10-ccd647bc9569","tintindex":0},"up":{"uv":[1.3125,4.75,1.1875,4.6875],"rotation":0,"texture":"#61540235-c9fa-4e8b-8b10-ccd647bc9569","tintindex":0},"west":{"uv":[9.125,1.5625,9.1875,1.6875],"rotation":0,"texture":"#61540235-c9fa-4e8b-8b10-ccd647bc9569","tintindex":0}}},{"name":"beak1","from":[6.56,7.287365,0.9537997],"to":[9.440001,9.807365,4.5537996],"rotation":{"angle":0.0,"axis":"x","origin":[8.719999,7.448935,2.4903865]},"faces":{"down":{"uv":[2.0625,8.6875,2.5625,9.3125],"rotation":0,"texture":"#61540235-c9fa-4e8b-8b10-ccd647bc9569","tintindex":0},"east":{"uv":[8.75,8.75,9.375,9.1875],"rotation":0,"texture":"#61540235-c9fa-4e8b-8b10-ccd647bc9569","tintindex":0},"north":{"uv":[8.75,7.5,9.25,7.9375],"rotation":0,"texture":"#61540235-c9fa-4e8b-8b10-ccd647bc9569","tintindex":0},"south":{"uv":[8.75,7.9375,9.25,8.375],"rotation":0,"texture":"#61540235-c9fa-4e8b-8b10-ccd647bc9569","tintindex":0},"up":{"uv":[8.875,2.125,8.375,1.5],"rotation":0,"texture":"#61540235-c9fa-4e8b-8b10-ccd647bc9569","tintindex":0},"west":{"uv":[8.75,0.0,9.375,0.4375],"rotation":0,"texture":"#61540235-c9fa-4e8b-8b10-ccd647bc9569","tintindex":0}}},{"name":"beak2","from":[7.46,8.99602,2.0130203],"to":[8.54,10.316021,4.41302],"rotation":{"angle":0.0,"axis":"x","origin":[8.42,7.448935,2.4903865]},"faces":{"down":{"uv":[2.0625,8.6875,2.5625,9.3125],"rotation":0,"texture":"#61540235-c9fa-4e8b-8b10-ccd647bc9569","tintindex":0},"east":{"uv":[8.75,8.75,9.375,9.1875],"rotation":0,"texture":"#61540235-c9fa-4e8b-8b10-ccd647bc9569","tintindex":0},"north":{"uv":[8.75,7.5,9.25,7.9375],"rotation":0,"texture":"#61540235-c9fa-4e8b-8b10-ccd647bc9569","tintindex":0},"south":{"uv":[8.75,7.9375,9.25,8.375],"rotation":0,"texture":"#61540235-c9fa-4e8b-8b10-ccd647bc9569","tintindex":0},"up":{"uv":[8.875,2.125,8.375,1.5],"rotation":0,"texture":"#61540235-c9fa-4e8b-8b10-ccd647bc9569","tintindex":0},