{"file_name":"left_calf","texture_size":[256,256],"textures":{"61540235-c9fa-4e8b-8b10-ccd647bc9569":"modelengine:entity/ostrichhorse_texture"},"elements":[{"name":"calf","from":[6.92,0.23342729,6.338526],"to":[9.08,8.273428,8.858525],"rotation":{"angle":22.5,"axis":"x","origin":[8.0,8.24,8.72]},"faces":{"down":{"uv":[9.1875,1.0,8.8125,1.4375],"rotation":0,"texture":"#61540235-c9fa-4e8b-8b10-ccd647bc9569","tintindex":0},"east":{"uv":[2.5,6.875,2.0625,8.6875],"rotation":0,"texture":"#61540235-c9fa-4e8b-8b10-ccd647bc9569","tintindex":0},"north":{"uv":[2.0625,7.4375,1.6875,9.25],"rotation":0,"texture":"#61540235-c9fa-4e8b-8b10-ccd647bc9569","tintindex":0},"south":{"uv":[0.375,7.6875,0.0,9.5],"rotation":0,"texture":"#61540235-c9fa-4e8b-8b10-ccd647bc9569","tintindex":0},"up":{"uv":[0.8125,7.375,1.1875,6.9375],"rotation":0,"texture":"#61540235-c9fa-4e8b-8b10-ccd647bc9569","tintindex":0},"west":{"uv":[5.5,6.75,5.0625,8.5625],"rotation":0,"texture":"#61540235-c9fa-4e8b-8b10-ccd647bc9569","tintindex":0}}}],"display":{"head":{"translation":[0.0,-6.4,0.0],"rotation":[0.0,0.0,0.0],"scale":[3.8095,3.8095,3.8095]},"gui":{"translation":[0.0,0.0,0.0],"rotation":[35.0,225.0,0.0],"scale":[0.625,0.625,0.625]}}}