{"file_name":"right_foot","texture_size":[256,256],"textures":{"61540235-c9fa-4e8b-8b10-ccd647bc9569":"modelengine:entity/ostrichhorse_texture"},"elements":[{"name":"foot","from":[6.56,6.7134275,4.5985255],"to":[9.440001,8.153427,10.358526],"rotation":{"angle":0.0,"axis":"x","origin":[8.0,9.2,9.860001]},"faces":{"down":{"uv":[5.5,8.25,6.0,9.25],"rotation":0,"texture":"#61540235-c9fa-4e8b-8b10-ccd647bc9569","tintindex":0},"east":{"uv":[3.8125,3.5625,4.8125,3.8125],"rotation":0,"texture":"#61540235-c9fa-4e8b-8b10-ccd647bc9569","tintindex":0},"north":{"uv":[6.5625,5.3125,7.0625,5.5625],"rotation":0,"texture":"#61540235-c9fa-4e8b-8b10-ccd647bc9569","tintindex":0},"south":{"uv":[7.25,4.0625,7.75,4.3125],"rotation":0,"texture":"#61540235-c9fa-4e8b-8b10-ccd647bc9569","tintindex":0},"up":{"uv":[7.625,9.0625,7.125,8.0625],"rotation":0,"texture":"#61540235-c9fa-4e8b-8b10-ccd647bc9569","tintindex":0},"west":{"uv":[4.8125,3.5625,5.8125,3.8125],"rotation":0,"texture":"#61540235-c9fa-4e8b-8b10-ccd647bc9569","tintindex":0}}},{"name":"toe2","from":[8.719999,6.7134275,2.4385254],"to":[9.440001,7.433428,4.5985255],"rotation":{"angle":0.0,"axis":"x","origin":[8.0,9.2,9.860001]},"faces":{"down":{"uv":[8.375,4.0625,8.5,4.4375],"rotation":0,"texture":"#61540235-c9fa-4e8b-8b10-ccd647bc9569","tintindex":0},"east":{"uv":[3.375,7.375,3.75,7.5],"rotation":0,"texture":"#61540235-c9fa-4e8b-8b10-ccd647bc9569","tintindex":0},"north":{"uv":[9.0625,5.0625,9.1875,5.1875],"rotation":0,"texture":"#61540235-c9fa-4e8b-8b10-ccd647bc9569","tintindex":0},"south":{"uv":[9.0625,5.1875,9.1875,5.3125],"rotation":0,"texture":"#61540235-c9fa-4e8b-8b10-ccd647bc9569","tintindex":0},"up":{"uv":[8.5,3.4375,8.375,3.0625],"rotation":0,"texture":"#61540235-c9fa-4e8b-8b10-ccd647bc9569","tintindex":0},"west":{"uv":[8.875,1.9375,9.25,2.0625],"rotation":0,"texture":"#61540235-c9fa-4e8b-8b10-ccd647bc9569","tintindex":0}}},{"name":"toe3","from":[6.56,6.7134275,2.4385254],"to":[7.2799997,7.433428,4.5985255],"rotation":{"angle":0.0,"axis":"x","origin":[5.8399997,9.2,9.860001]},"faces":{"down":{"uv":[3.75,9.0,3.875,9.375],"rotation":0,"texture":"#61540235-c9fa-4e8b-8b10-ccd647bc9569","tintindex":0},"east":{"uv":[8.9375,6.875,9.3125,7.0],"rotation":0,"texture":"#61540235-c9fa-4e8b-8b10-ccd647bc9569","tintindex":0},"north":{"uv":[3.375,9.125,3.5,9.25],"rotation":0,"texture":"#61540235-c9fa-4e8b-8b10-ccd647bc9569","tintindex":0},"south":{"uv":[3.5,9.125,3.625,9.25],"rotation":0,"texture":"#61540235-c9fa-4e8b-8b10-ccd647bc9569","tintindex":0},"up":{"uv":[8.5,4.8125,8.375,4.4375],"rotation":0,"texture":"#61540235-c9fa-4e8b-8b10-ccd647bc9569","tintindex":0},"west":{"uv":[3.375,9.0,3.75,9.125],"rotation":0,"texture":"#61540235-c9fa-4e8b-8b10-ccd647bc9569","tintindex":0}}},{"name":"toe4","from":[7.64,6.7134275,10.358526],"to":[8.360001,7.433428,12.518526],"rotation":{"angle":0.0,"axis":"x","origin":[6.92,9.2,17.779999]},"faces":{"down":{"uv":[8.375,4.0625,8.5,4.4375],"rotation":0,"texture":"#61540235-c9fa-4e8b-8b10-ccd647bc9569","tintindex":0},"east":{"uv":[3.375,7.375,3.75,7.5],"rotation":0,"texture":"#61540235-c9fa-4e8b-8b10-ccd647bc9569","tintindex":0},"north":{"uv":[9.0625,5.0625,9.1875,5.1875],"rotation":0,"texture":"#61540235-c9fa-4e8b-8b10-ccd647bc9569","tintindex":0},"south":{"uv":[9.0625,5.1875,9.1875,5.3125],"rotation":0,"texture":"#61540235-c9fa-4e8b-8b10-ccd647bc9569","tintindex":0},"up":{"uv":[8.5,3.4375,8.375,3.0625],"rotation":0,"texture":"#61540235-c9fa-4e8b-8b10-ccd647bc9569","tintindex":0},"west":{"uv":[8.875,1.9375,9.25,2.0625],"rotation":0,"texture":"#61540235-c9fa-4e8b-8b10-ccd647bc9569","tintindex":0}}},{"name":"claw3","from":[8.9,7.0014277,1.7545252],"to":[9.26,7.361428,2.6545253],"rotation":{"angle":-22.5,"axis":"x","origin":[8.9,7.0039997,2.66]},"faces":{"down":{"uv":[6.75,1.75,6.8125,1.9375],"rotation":0,"texture":"#61540235-c9fa-4e8b-8b10-ccd647bc9569","tintindex":0},"east":{"uv":[1.3125,1.25,1.5,1.3125],"rotation":0,"texture":"#61540235-c9fa-4e8b-8b10-ccd647bc9569","tintindex":0},"north":{"uv":[2.1875,5.5625,2.25,5.625],"rotation":0,"texture":"#61540235-c9fa-4e8b-8b10-ccd647bc9569","tintindex":0},"south":{"uv":[2.25,5.5625,2.3125,5.625],"rotation":0,"texture":"#61540235-c9fa-4e8b-8b10-ccd647bc9569","tintindex":0},"up":{"uv":[5.5625,6.9375,5.5,6.75],"rotation":0,"texture":"#61540235-c9fa-4e8b-8b10-ccd647bc9569","tintindex":0},"west":{"uv":[1.5,1.25,1.6875,1.3125],"rotation":0,"texture":"#61540235-c9fa-4e8b-8b10-ccd647bc9569","tintindex":0}}},{"name":"claw4","from":[7.8199997,6.641428,12.194526],"to":[8.179999,7.0014277,13.094525],"rotation":{"angle":22.5,"axis":"x","origin":[7.8199997,6.644,13.1]},"faces":{"down":{"uv":[6.75,1.75,6.8125,1.9375],"rotation":0,"texture":"#61540235-c9fa-4e8b-8b10-ccd647bc9569","tintindex":0},"east":{"uv":[1.3125,1.25,1.5,1.3125],"rotation":0,"texture":"#61540235-c9fa-4e8b-8b10-ccd647bc9569","tintindex":0},"north":{"uv":[2.1875,5.5625,2.25,5.625],"rotation":0,"texture":"#61540235-c9fa-4e8b-8b10-ccd647bc9569","tintindex":0},"south":{"uv":[2.25,5.5625,2.3125,5.625],"rotation":0,"texture":"#61540235-c9fa-4e8b-8b10-ccd647bc9569","tintindex":0},"up":{"uv":[5.5625,6.9375,5.5,6.75],"rotation":0,"texture":"#61540235-c9fa-4e8b-8b10-ccd647bc9569","tintindex":0},"west":{"uv":[1.5,1.25,1.6875,1.3125],"rotation":0,"texture":"#61540235-c9fa-4e8b-8b10-ccd647bc9569","tintindex":0}}},{"name":"claw4","from":[6.74,7.0014277,1.7545252],"to":[7.1,7.361428,2.6545253],"rotation":{"angle":-22.5,"axis":"x","origin":[6.74,7.0039997,2.66]},"faces":{"down":{"uv":[7.1875,3.5625,7.25,3.75],"rotation":0,"texture":"#61540235-c9fa-4e8b-8b10-ccd647bc9569","tintindex":0},"east":{"uv":[1.6875,1.25,1.875,1.3125],"rotation":0,"texture":"#61540235-c9fa-4e8b-8b10-ccd647bc9569","tintindex":0},"north":{"uv":[2.3125,5.5625,2.375,5.625],"rotation":0,"texture":"#61540235-c9fa-4e8b-8b10-ccd647bc9569","tintindex":0},"south":{"uv":[2.375,5.5625,2.4375,5.625],"rotation":0,"texture":"#61540235-c9fa-4e8b-8b10-ccd647bc9569","tintindex":0},"up":{"uv":[7.25,2.4375,7.1875,2.25],"rotation":0,"texture":"#61540235-c9fa-4e8b-8b10-ccd647bc9569","tintindex":0},"west":{"uv":[1.875,1.25,2.0625,1.3125],"rotation":0,"texture":"#61540235-c9fa-4e8b-8b10-ccd647bc9569","tintindex":0}}}],"display":{"head":{"translation":[0.0,-6.4,0.0],"rotation":[0.0,0.0,0.0],"scale":[3.8095,3.8095,3.8095]},"gui":{"translation":[0.0,0.0,0.0],"rotation":[35.0,225.0,0.0],"scale":[0.625,0.625,0.625]}}}