{"file_name":"right_leg","texture_size":[256,256],"textures":{"61540235-c9fa-4e8b-8b10-ccd647bc9569":"modelengine:entity/ostrichhorse_texture"},"elements":[{"name":"thigh","from":[7.4,0.0800004,4.7599998],"to":[10.280001,8.360001,9.8],"rotation":{"angle":-22.5,"axis":"x","origin":[10.280001,8.360001,4.7599998]},"faces":{"down":{"uv":[4.875,8.5625,5.375,9.4375],"rotation":0,"texture":"#61540235-c9fa-4e8b-8b10-ccd647bc9569","tintindex":0},"east":{"uv":[1.1875,4.75,2.0625,6.1875],"rotation":0,"texture":"#61540235-c9fa-4e8b-8b10-ccd647bc9569","tintindex":0},"north":{"uv":[3.375,7.5625,3.875,9.0],"rotation":0,"texture":"#61540235-c9fa-4e8b-8b10-ccd647bc9569","tintindex":0},"south":{"uv":[3.875,7.5625,4.375,9.0],"rotation":0,"texture":"#61540235-c9fa-4e8b-8b10-ccd647bc9569","tintindex":0},"up":{"uv":[8.9375,7.0,8.4375,6.125],"rotation":0,"texture":"#61540235-c9fa-4e8b-8b10-ccd647bc9569","tintindex":0},"west":{"uv":[4.875,0.5,5.75,1.9375],"rotation":0,"texture":"#61540235-c9fa-4e8b-8b10-ccd647bc9569","tintindex":0}}}],"display":{"head":{"translation":[0.0,-6.4,0.0],"rotation":[0.0,0.0,0.0],"scale":[3.8095,3.8095,3.8095]},"gui":{"translation":[0.0,0.0,0.0],"rotation":[35.0,225.0,0.0],"scale":[0.625,0.625,0.625]}}}