{"file_name":"tail","texture_size":[256,256],"textures":{"61540235-c9fa-4e8b-8b10-ccd647bc9569":"modelengine:entity/ostrichhorse_texture"},"elements":[{"name":"cube","from":[6.2,1.2800004,7.5200005],"to":[9.8,8.48,9.320001],"rotation":{"angle":0.0,"axis":"x","origin":[6.2,8.120001,7.5200005]},"faces":{"down":{"uv":[8.75,8.375,9.375,8.6875],"rotation":0,"texture":"#61540235-c9fa-4e8b-8b10-ccd647bc9569","tintindex":0},"east":{"uv":[2.1875,0.0,2.5,1.25],"rotation":0,"texture":"#61540235-c9fa-4e8b-8b10-ccd647bc9569","tintindex":0},"north":{"uv":[5.5,7.0,6.125,8.25],"rotation":0,"texture":"#61540235-c9fa-4e8b-8b10-ccd647bc9569","tintindex":0},"south":{"uv":[6.125,7.0,6.75,8.25],"rotation":0,"texture":"#61540235-c9fa-4e8b-8b10-ccd647bc9569","tintindex":0},"up":{"uv":[9.3125,3.0625,8.6875,2.75],"rotation":0,"texture":"#61540235-c9fa-4e8b-8b10-ccd647bc9569","tintindex":0},"west":{"uv":[1.25,8.3125,1.5625,9.5625],"rotation":0,"texture":"#61540235-c9fa-4e8b-8b10-ccd647bc9569","tintindex":0}}},{"name":"cube","from":[6.56,-2.3199997,7.8799996],"to":[9.440001,1.2800004,8.96],"rotation":{"angle":0.0,"axis":"x","origin":[6.2,0.9200001,7.5200005]},"faces":{"down":{"uv":[6.25,1.75,6.75,1.9375],"rotation":0,"texture":"#61540235-c9fa-4e8b-8b10-ccd647bc9569","tintindex":0},"east":{"uv":[7.4375,6.1875,7.625,6.8125],"rotation":0,"texture":"#61540235-c9fa-4e8b-8b10-ccd647bc9569","tintindex":0},"north":{"uv":[2.5625,8.6875,3.0625,9.3125],"rotation":0,"texture":"#61540235-c9fa-4e8b-8b10-ccd647bc9569","tintindex":0},"south":{"uv":[8.6875,2.125,9.1875,2.75],"rotation":0,"texture":"#61540235-c9fa-4e8b-8b10-ccd647bc9569","tintindex":0},"up":{"uv":[6.25,1.9375,5.75,1.75],"rotation":0,"texture":"#61540235-c9fa-4e8b-8b10-ccd647bc9569","tintindex":0},"west":{"uv":[4.875,7.5625,5.0625,8.1875],"rotation":0,"texture":"#61540235-c9fa-4e8b-8b10-ccd647bc9569","tintindex":0}}}],"display":{"head":{"translation":[0.0,-6.4,0.0],"rotation":[0.0,0.0,0.0],"scale":[3.8095,3.8095,3.8095]},"gui":{"translation":[0.0,0.0,0.0],"rotation":[35.0,225.0,0.0],"scale":[0.625,0.625,0.625]}}}