{"file_name":"head","texture_size":[16,16],"textures":{"a987dfdc-9c72-4b8f-7d4c-38d0e9947813":"modelengine:entity/turtleduck_texture"},"elements":[{"name":"head","from":[7.4,7.4,6.8],"to":[8.6,8.84,8.719999],"rotation":{"angle":0.0,"axis":"x","origin":[6.6800003,7.4,6.3199997]},"faces":{"down":{"uv":[1.0,8.0,2.0,9.0],"rotation":0,"texture":"#a987dfdc-9c72-4b8f-7d4c-38d0e9947813","tintindex":0},"east":{"uv":[7.0,3.0,8.0,4.0],"rotation":0,"texture":"#a987dfdc-9c72-4b8f-7d4c-38d0e9947813","tintindex":0},"north":{"uv":[7.0,2.0,8.0,3.0],"rotation":0,"texture":"#a987dfdc-9c72-4b8f-7d4c-38d0e9947813","tintindex":0},"south":{"uv":[7.0,4.0,8.0,5.0],"rotation":0,"texture":"#a987dfdc-9c72-4b8f-7d4c-38d0e9947813","tintindex":0},"up":{"uv":[1.0,9.0,0.0,8.0],"rotation":0,"texture":"#a987dfdc-9c72-4b8f-7d4c-38d0e9947813","tintindex":0},"west":{"uv":[7.0,5.0,8.0,6.0],"rotation":0,"texture":"#a987dfdc-9c72-4b8f-7d4c-38d0e9947813","tintindex":0}}},{"name":"mouth_upper","from":[7.58,7.7,5.96],"to":[8.42,8.18,6.8],"rotation":{"angle":0.0,"axis":"x","origin":[6.62,7.7,4.3999996]},"faces":{"down":{"uv":[7.0,8.0,8.0,9.0],"rotation":0,"texture":"#a987dfdc-9c72-4b8f-7d4c-38d0e9947813","tintindex":0},"east":{"uv":[3.0,8.0,4.0,9.0],"rotation":0,"texture":"#a987dfdc-9c72-4b8f-7d4c-38d0e9947813","tintindex":0},"north":{"uv":[2.0,8.0,3.0,9.0],"rotation":0,"texture":"#a987dfdc-9c72-4b8f-7d4c-38d0e9947813","tintindex":0},"south":{"uv":[4.0,8.0,5.0,9.0],"rotation":0,"texture":"#a987dfdc-9c72-4b8f-7d4c-38d0e9947813","tintindex":0},"up":{"uv":[7.0,9.0,6.0,8.0],"rotation":0,"texture":"#a987dfdc-9c72-4b8f-7d4c-38d0e9947813","tintindex":0},"west":{"uv":[5.0,8.0,6.0,9.0],"rotation":0,"texture":"#a987dfdc-9c72-4b8f-7d4c-38d0e9947813","tintindex":0}}}],"display":{"head":{"translation":[0.0,-6.4,0.0],"rotation":[0.0,0.0,0.0],"scale":[3.8095,3.8095,3.8095]},"gui":{"translation":[0.0,0.0,0.0],"rotation":[35.0,225.0,0.0],"scale":[0.625,0.625,0.625]}}}