{"file_name":"left_arm","texture_size":[16,16],"textures":{"a987dfdc-9c72-4b8f-7d4c-38d0e9947813":"modelengine:entity/turtleduck_texture"},"elements":[{"name":"upper","from":[6.457574,7.7,7.477574],"to":[8.257573,8.3,8.437573],"rotation":{"angle":0.0,"axis":"x","origin":[7.518751,7.4,5.3587513]},"faces":{"down":{"uv":[0.0,11.0,1.0,12.0],"rotation":0,"texture":"#a987dfdc-9c72-4b8f-7d4c-38d0e9947813","tintindex":0},"east":{"uv":[10.0,6.0,11.0,7.0],"rotation":0,"texture":"#a987dfdc-9c72-4b8f-7d4c-38d0e9947813","tintindex":0},"north":{"uv":[10.0,5.0,11.0,6.0],"rotation":0,"texture":"#a987dfdc-9c72-4b8f-7d4c-38d0e9947813","tintindex":0},"south":{"uv":[10.0,7.0,11.0,8.0],"rotation":0,"texture":"#a987dfdc-9c72-4b8f-7d4c-38d0e9947813","tintindex":0},"up":{"uv":[11.0,10.0,10.0,9.0],"rotation":0,"texture":"#a987dfdc-9c72-4b8f-7d4c-38d0e9947813","tintindex":0},"west":{"uv":[10.0,8.0,11.0,9.0],"rotation":0,"texture":"#a987dfdc-9c72-4b8f-7d4c-38d0e9947813","tintindex":0}}},{"name":"lower","from":[5.7975736,7.8799996,7.5975738],"to":[6.457574,8.12,8.317574],"rotation":{"angle":0.0,"axis":"x","origin":[6.558751,7.52,5.2387514]},"faces":{"down":{"uv":[6.0,11.0,7.0,12.0],"rotation":0,"texture":"#a987dfdc-9c72-4b8f-7d4c-38d0e9947813","tintindex":0},"east":{"uv":[2.0,11.0,3.0,12.0],"rotation":0,"texture":"#a987dfdc-9c72-4b8f-7d4c-38d0e9947813","tintindex":0},"north":{"uv":[1.0,11.0,2.0,12.0],"rotation":0,"texture":"#a987dfdc-9c72-4b8f-7d4c-38d0e9947813","tintindex":0},"south":{"uv":[3.0,11.0,4.0,12.0],"rotation":0,"texture":"#a987dfdc-9c72-4b8f-7d4c-38d0e9947813","tintindex":0},"up":{"uv":[6.0,12.0,5.0,11.0],"rotation":0,"texture":"#a987dfdc-9c72-4b8f-7d4c-38d0e9947813","tintindex":0},"west":{"uv":[4.0,11.0,5.0,12.0],"rotation":0,"texture":"#a987dfdc-9c72-4b8f-7d4c-38d0e9947813","tintindex":0}}},{"name":"finger_2","from":[5.3456755,7.8799996,7.406127],"to":[6.0056753,8.0,7.526127],"rotation":{"angle":-22.5,"axis":"y","origin":[5.118751,7.8799996,7.158751]},"faces":{"down":{"uv":[11.0,0.0,12.0,1.0],"rotation":0,"texture":"#a987dfdc-9c72-4b8f-7d4c-38d0e9947813","tintindex":0},"east":{"uv":[8.0,11.0,9.0,12.0],"rotation":0,"texture":"#a987dfdc-9c72-4b8f-7d4c-38d0e9947813","tintindex":0},"north":{"uv":[7.0,11.0,8.0,12.0],"rotation":0,"texture":"#a987dfdc-9c72-4b8f-7d4c-38d0e9947813","tintindex":0},"south":{"uv":[9.0,11.0,10.0,12.0],"rotation":0,"texture":"#a987dfdc-9c72-4b8f-7d4c-38d0e9947813","tintindex":0},"up":{"uv":[12.0,12.0,11.0,11.0],"rotation":0,"texture":"#a987dfdc-9c72-4b8f-7d4c-38d0e9947813","tintindex":0},"west":{"uv":[10.0,11.0,11.0,12.0],"rotation":0,"texture":"#a987dfdc-9c72-4b8f-7d4c-38d0e9947813","tintindex":0}}},{"name":"inger_3","from":[5.077574,7.8799996,7.8975735],"to":[5.7975736,8.0,8.017573],"rotation":{"angle":0.0,"axis":"x","origin":[5.118751,7.8799996,7.3387513]},"faces":{"down":{"uv":[11.0,6.0,12.0,7.0],"rotation":0,"texture":"#a987dfdc-9c72-4b8f-7d4c-38d0e9947813","tintindex":0},"east":{"uv":[11.0,2.0,12.0,3.0],"rotation":0,"texture":"#a987dfdc-9c72-4b8f-7d4c-38d0e9947813","tintindex":0},"north":{"uv":[11.0,1.0,12.0,2.0],"rotation":0,"texture":"#a987dfdc-9c72-4b8f-7d4c-38d0e9947813","tintindex":0},"south":{"uv":[11.0,3.0,12.0,4.0],"rotation":0,"texture":"#a987dfdc-9c72-4b8f-7d4c-38d0e9947813","tintindex":0},"up":{"uv":[12.0,6.0,11.0,5.0],"rotation":0,"texture":"#a987dfdc-9c72-4b8f-7d4c-38d0e9947813","tintindex":0},"west":{"uv":[11.0,4.0,12.0,5.0],"rotation":0,"texture":"#a987dfdc-9c72-4b8f-7d4c-38d0e9947813","tintindex":0}}},{"name":"finger_4","from":[4.83501,7.8799996,8.271975],"to":[5.55501,8.0,8.3919735],"rotation":{"angle":22.5,"axis":"y","origin":[5.187634,7.8799996,7.505049]},"faces":{"down":{"uv":[1.0,12.0,2.0,13.0],"rotation":0,"texture":"#a987dfdc-9c72-4b8f-7d4c-38d0e9947813","tintindex":0},"east":{"uv":[11.0,8.0,12.0,9.0],"rotation":0,"texture":"#a987dfdc-9c72-4b8f-7d4c-38d0e9947813","tintindex":0},"north":{"uv":[11.0,7.0,12.0,8.0],"rotation":0,"texture":"#a987dfdc-9c72-4b8f-7d4c-38d0e9947813","tintindex":0},"south":{"uv":[11.0,9.0,12.0,10.0],"rotation":0,"texture":"#a987dfdc-9c72-4b8f-7d4c-38d0e9947813","tintindex":0},"up":{"uv":[1.0,13.0,0.0,12.0],"rotation":0,"texture":"#a987dfdc-9c72-4b8f-7d4c-38d0e9947813","tintindex":0},"west":{"uv":[11.0,10.0,12.0,11.0],"rotation":0,"texture":"#a987dfdc-9c72-4b8f-7d4c-38d0e9947813","tintindex":0}}},{"name":"finger_5","from":[4.552487,7.8799996,8.429903],"to":[5.2724867,8.0,8.549902],"rotation":{"angle":45.0,"axis":"y","origin":[5.2724867,7.8799996,7.589902]},"faces":{"down":{"uv":[7.0,12.0,8.0,13.0],"rotation":0,"texture":"#a987dfdc-9c72-4b8f-7d4c-38d0e9947813","tintindex":0},"east":{"uv":[3.0,12.0,4.0,13.0],"rotation":0,"texture":"#a987dfdc-9c72-4b8f-7d4c-38d0e9947813","tintindex":0},"north":{"uv":[2.0,12.0,3.0,13.0],"rotation":0,"texture":"#a987dfdc-9c72-4b8f-7d4c-38d0e9947813","tintindex":0},"south":{"uv":[4.0,12.0,5.0,13.0],"rotation":0,"texture":"#a987dfdc-9c72-4b8f-7d4c-38d0e9947813","tintindex":0},"up":{"uv":[7.0,13.0,6.0,12.0],"rotation":0,"texture":"#a987dfdc-9c72-4b8f-7d4c-38d0e9947813","tintindex":0},"west":{"uv":[5.0,12.0,6.0,13.0],"rotation":0,"texture":"#a987dfdc-9c72-4b8f-7d4c-38d0e9947813","tintindex":0}}},{"name":"webbing","from":[5.077574,8.0,7.4175735],"to":[5.9175735,8.0,8.797573],"rotation":{"angle":0.0,"axis":"x","origin":[5.118751,7.8799996,7.3387513]},"faces":{"down":{"uv":[9.0,12.0,10.0,13.0],"rotation":0,"texture":"#a987dfdc-9c72-4b8f-7d4c-38d0e9947813","tintindex":0},"east":{"uv":[0.0,0.0,1.0,0.0],"rotation":0,"texture":"#a987dfdc-9c72-4b8f-7d4c-38d0e9947813","tintindex":0},"north":{"uv":[0.0,0.0,1.0,0.0],"rotation":0,"texture":"#a987dfdc-9c72-4b8f-7d4c-38d0e9947813","tintindex":0},"south":{"uv":[0.0,0.0,1.0,0.0],"rotation":0,"texture":"#a987dfdc-9c72-4b8f-7d4c-38d0e9947813","tintindex":0},"up":{"uv":[9.0,13.0,8.0,12.0],"rotation":0,"texture":"#a987dfdc-9c72-4b8f-7d4c-38d0e9947813","tintindex":0},"west":{"uv":[0.0,0.0,1.0,0.0],"rotation":0,"texture":"#a987dfdc-9c72-4b8f-7d4c-38d0e9947813","tintindex":0}}}],"display":{"head":{"translation":[0.0,-6.4,0.0],"rotation":[0.0,0.0,0.0],"scale":[3.8095,3.8095,3.8095]},"gui":{"translation":[0.0,0.0,0.0],"rotation":[35.0,225.0,0.0],"scale":[0.625,0.625,0.625]}}}