{"file_name":"mouth_lower","texture_size":[16,16],"textures":{"a987dfdc-9c72-4b8f-7d4c-38d0e9947813":"modelengine:entity/turtleduck_texture"},"elements":[{"name":"mouth_lower","from":[7.64,7.16,7.22],"to":[8.360001,7.4,8.0],"rotation":{"angle":0.0,"axis":"x","origin":[6.62,6.92,5.5999994]},"faces":{"down":{"uv":[8.0,4.0,9.0,5.0],"rotation":0,"texture":"#a987dfdc-9c72-4b8f-7d4c-38d0e9947813","tintindex":0},"east":{"uv":[8.0,0.0,9.0,1.0],"rotation":0,"texture":"#a987dfdc-9c72-4b8f-7d4c-38d0e9947813","tintindex":0},"north":{"uv":[8.0,8.0,9.0,9.0],"rotation":0,"texture":"#a987dfdc-9c72-4b8f-7d4c-38d0e9947813","tintindex":0},"south":{"uv":[8.0,1.0,9.0,2.0],"rotation":0,"texture":"#a987dfdc-9c72-4b8f-7d4c-38d0e9947813","tintindex":0},"up":{"uv":[9.0,4.0,8.0,3.0],"rotation":0,"texture":"#a987dfdc-9c72-4b8f-7d4c-38d0e9947813","tintindex":0},"west":{"uv":[8.0,2.0,9.0,3.0],"rotation":0,"texture":"#a987dfdc-9c72-4b8f-7d4c-38d0e9947813","tintindex":0}}}],"display":{"head":{"translation":[0.0,-6.4,0.0],"rotation":[0.0,0.0,0.0],"scale":[3.8095,3.8095,3.8095]},"gui":{"translation":[0.0,0.0,0.0],"rotation":[35.0,225.0,0.0],"scale":[0.625,0.625,0.625]}}}