{"file_name":"neck_top","texture_size":[16,16],"textures":{"a987dfdc-9c72-4b8f-7d4c-38d0e9947813":"modelengine:entity/turtleduck_texture"},"elements":[{"name":"cube","from":[7.64,7.3399997,7.94],"to":[8.360001,9.8,8.84],"rotation":{"angle":0.0,"axis":"x","origin":[6.56,8.0,6.6800003]},"faces":{"down":{"uv":[7.0,7.0,8.0,8.0],"rotation":0,"texture":"#a987dfdc-9c72-4b8f-7d4c-38d0e9947813","tintindex":0},"east":{"uv":[3.0,7.0,4.0,8.0],"rotation":0,"texture":"#a987dfdc-9c72-4b8f-7d4c-38d0e9947813","tintindex":0},"north":{"uv":[2.0,7.0,3.0,8.0],"rotation":0,"texture":"#a987dfdc-9c72-4b8f-7d4c-38d0e9947813","tintindex":0},"south":{"uv":[4.0,7.0,5.0,8.0],"rotation":0,"texture":"#a987dfdc-9c72-4b8f-7d4c-38d0e9947813","tintindex":0},"up":{"uv":[7.0,8.0,6.0,7.0],"rotation":0,"texture":"#a987dfdc-9c72-4b8f-7d4c-38d0e9947813","tintindex":0},"west":{"uv":[5.0,7.0,6.0,8.0],"rotation":0,"texture":"#a987dfdc-9c72-4b8f-7d4c-38d0e9947813","tintindex":0}}}],"display":{"head":{"translation":[0.0,-6.4,0.0],"rotation":[0.0,0.0,0.0],"scale":[3.8095,3.8095,3.8095]},"gui":{"translation":[0.0,0.0,0.0],"rotation":[35.0,225.0,0.0],"scale":[0.625,0.625,0.625]}}}