{"file_name":"right_leg","texture_size":[16,16],"textures":{"a987dfdc-9c72-4b8f-7d4c-38d0e9947813":"modelengine:entity/turtleduck_texture"},"elements":[{"name":"upper","from":[7.7,7.7,7.52],"to":[9.5,8.3,8.48],"rotation":{"angle":0.0,"axis":"x","origin":[7.7599998,7.4,6.08]},"faces":{"down":{"uv":[1.0,14.0,2.0,15.0],"rotation":0,"texture":"#a987dfdc-9c72-4b8f-7d4c-38d0e9947813","tintindex":0},"east":{"uv":[13.0,10.0,14.0,11.0],"rotation":0,"texture":"#a987dfdc-9c72-4b8f-7d4c-38d0e9947813","tintindex":0},"north":{"uv":[13.0,9.0,14.0,10.0],"rotation":0,"texture":"#a987dfdc-9c72-4b8f-7d4c-38d0e9947813","tintindex":0},"south":{"uv":[13.0,11.0,14.0,12.0],"rotation":0,"texture":"#a987dfdc-9c72-4b8f-7d4c-38d0e9947813","tintindex":0},"up":{"uv":[1.0,15.0,0.0,14.0],"rotation":0,"texture":"#a987dfdc-9c72-4b8f-7d4c-38d0e9947813","tintindex":0},"west":{"uv":[13.0,12.0,14.0,13.0],"rotation":0,"texture":"#a987dfdc-9c72-4b8f-7d4c-38d0e9947813","tintindex":0}}},{"name":"lower","from":[9.5,7.8799996,7.64],"to":[10.16,8.12,8.360001],"rotation":{"angle":0.0,"axis":"x","origin":[8.719999,7.52,5.96]},"faces":{"down":{"uv":[7.0,14.0,8.0,15.0],"rotation":0,"texture":"#a987dfdc-9c72-4b8f-7d4c-38d0e9947813","tintindex":0},"east":{"uv":[3.0,14.0,4.0,15.0],"rotation":0,"texture":"#a987dfdc-9c72-4b8f-7d4c-38d0e9947813","tintindex":0},"north":{"uv":[2.0,14.0,3.0,15.0],"rotation":0,"texture":"#a987dfdc-9c72-4b8f-7d4c-38d0e9947813","tintindex":0},"south":{"uv":[4.0,14.0,5.0,15.0],"rotation":0,"texture":"#a987dfdc-9c72-4b8f-7d4c-38d0e9947813","tintindex":0},"up":{"uv":[7.0,15.0,6.0,14.0],"rotation":0,"texture":"#a987dfdc-9c72-4b8f-7d4c-38d0e9947813","tintindex":0},"west":{"uv":[5.0,14.0,6.0,15.0],"rotation":0,"texture":"#a987dfdc-9c72-4b8f-7d4c-38d0e9947813","tintindex":0}}},{"name":"finger_4","from":[10.16,7.8799996,7.7599998],"to":[10.82,8.0,7.8799996],"rotation":{"angle":22.5,"axis":"y","origin":[10.16,7.8799996,7.8799996]},"faces":{"down":{"uv":[13.0,14.0,14.0,15.0],"rotation":0,"texture":"#a987dfdc-9c72-4b8f-7d4c-38d0e9947813","tintindex":0},"east":{"uv":[9.0,14.0,10.0,15.0],"rotation":0,"texture":"#a987dfdc-9c72-4b8f-7d4c-38d0e9947813","tintindex":0},"north":{"uv":[8.0,14.0,9.0,15.0],"rotation":0,"texture":"#a987dfdc-9c72-4b8f-7d4c-38d0e9947813","tintindex":0},"south":{"uv":[10.0,14.0,11.0,15.0],"rotation":0,"texture":"#a987dfdc-9c72-4b8f-7d4c-38d0e9947813","tintindex":0},"up":{"uv":[13.0,15.0,12.0,14.0],"rotation":0,"texture":"#a987dfdc-9c72-4b8f-7d4c-38d0e9947813","tintindex":0},"west":{"uv":[11.0,14.0,12.0,15.0],"rotation":0,"texture":"#a987dfdc-9c72-4b8f-7d4c-38d0e9947813","tintindex":0}}},{"name":"inger_5","from":[10.16,7.8799996,7.9399996],"to":[10.879999,8.0,8.06],"rotation":{"angle":0.0,"axis":"x","origin":[10.16,7.8799996,8.06]},"faces":{"down":{"uv":[14.0,4.0,15.0,5.0],"rotation":0,"texture":"#a987dfdc-9c72-4b8f-7d4c-38d0e9947813","tintindex":0},"east":{"uv":[14.0,0.0,15.0,1.0],"rotation":0,"texture":"#a987dfdc-9c72-4b8f-7d4c-38d0e9947813","tintindex":0},"north":{"uv":[14.0,14.0,15.0,15.0],"rotation":0,"texture":"#a987dfdc-9c72-4b8f-7d4c-38d0e9947813","tintindex":0},"south":{"uv":[14.0,1.0,15.0,2.0],"rotation":0,"texture":"#a987dfdc-9c72-4b8f-7d4c-38d0e9947813","tintindex":0},"up":{"uv":[15.0,4.0,14.0,3.0],"rotation":0,"texture":"#a987dfdc-9c72-4b8f-7d4c-38d0e9947813","tintindex":0},"west":{"uv":[14.0,2.0,15.0,3.0],"rotation":0,"texture":"#a987dfdc-9c72-4b8f-7d4c-38d0e9947813","tintindex":0}}},{"name":"finger_6","from":[10.091118,7.8799996,8.106298],"to":[10.811117,8.0,8.226298],"rotation":{"angle":-22.5,"axis":"y","origin":[10.091118,7.8799996,8.226298]},"faces":{"down":{"uv":[14.0,10.0,15.0,11.0],"rotation":0,"texture":"#a987dfdc-9c72-4b8f-7d4c-38d0e9947813","tintindex":0},"east":{"uv":[14.0,6.0,15.0,7.0],"rotation":0,"texture":"#a987dfdc-9c72-4b8f-7d4c-38d0e9947813","tintindex":0},"north":{"uv":[14.0,5.0,15.0,6.0],"rotation":0,"texture":"#a987dfdc-9c72-4b8f-7d4c-38d0e9947813","tintindex":0},"south":{"uv":[14.0,7.0,15.0,8.0],"rotation":0,"texture":"#a987dfdc-9c72-4b8f-7d4c-38d0e9947813","tintindex":0},"up":{"uv":[15.0,10.0,14.0,9.0],"rotation":0,"texture":"#a987dfdc-9c72-4b8f-7d4c-38d0e9947813","tintindex":0},"west":{"uv":[14.0,8.0,15.0,9.0],"rotation":0,"texture":"#a987dfdc-9c72-4b8f-7d4c-38d0e9947813","tintindex":0}}},{"name":"finger_7","from":[10.006264,7.8799996,8.191151],"to":[10.726265,8.0,8.3111515],"rotation":{"angle":-45.0,"axis":"y","origin":[10.006264,7.8799996,8.3111515]},"faces":{"down":{"uv":[2.0,15.0,3.0,16.0],"rotation":0,"texture":"#a987dfdc-9c72-4b8f-7d4c-38d0e9947813","tintindex":0},"east":{"uv":[14.0,12.0,15.0,13.0],"rotation":0,"texture":"#a987dfdc-9c72-4b8f-7d4c-38d0e9947813","tintindex":0},"north":{"uv":[14.0,11.0,15.0,12.0],"rotation":0,"texture":"#a987dfdc-9c72-4b8f-7d4c-38d0e9947813","tintindex":0},"south":{"uv":[14.0,13.0,15.0,14.0],"rotation":0,"texture":"#a987dfdc-9c72-4b8f-7d4c-38d0e9947813","tintindex":0},"up":{"uv":[2.0,16.0,1.0,15.0],"rotation":0,"texture":"#a987dfdc-9c72-4b8f-7d4c-38d0e9947813","tintindex":0},"west":{"uv":[0.0,15.0,1.0,16.0],"rotation":0,"texture":"#a987dfdc-9c72-4b8f-7d4c-38d0e9947813","tintindex":0}}},{"name":"webbing","from":[10.04,8.0,7.46],"to":[10.879999,8.0,8.84],"rotation":{"angle":0.0,"axis":"x","origin":[10.16,7.8799996,8.06]},"faces":{"down":{"uv":[4.0,15.0,5.0,16.0],"rotation":0,"texture":"#a987dfdc-9c72-4b8f-7d4c-38d0e9947813","tintindex":0},"east":{"uv":[0.0,0.0,1.0,0.0],"rotation":0,"texture":"#a987dfdc-9c72-4b8f-7d4c-38d0e9947813","tintindex":0},"north":{"uv":[0.0,0.0,1.0,0.0],"rotation":0,"texture":"#a987dfdc-9c72-4b8f-7d4c-38d0e9947813","tintindex":0},"south":{"uv":[0.0,0.0,1.0,0.0],"rotation":0,"texture":"#a987dfdc-9c72-4b8f-7d4c-38d0e9947813","tintindex":0},"up":{"uv":[4.0,16.0,3.0,15.0],"rotation":0,"texture":"#a987dfdc-9c72-4b8f-7d4c-38d0e9947813","tintindex":0},"west":{"uv":[0.0,0.0,1.0,0.0],"rotation":0,"texture":"#a987dfdc-9c72-4b8f-7d4c-38d0e9947813","tintindex":0}}}],"display":{"head":{"translation":[0.0,-6.4,0.0],"rotation":[0.0,0.0,0.0],"scale":[3.8095,3.8095,3.8095]},"gui":{"translation":[0.0,0.0,0.0],"rotation":[35.0,225.0,0.0],"scale":[0.625,0.625,0.625]}}}