{"file_name":"jaw","texture_size":[512,512],"textures":{"2fc73ab6-9ebf-e699-0057-69db92d2f491":"modelengine:entity/canyoncrawler_texture"},"elements":[{"name":"cube","from":[3.8504,7.786275,-5.8476124],"to":[12.1496,10.522276,10.568391],"rotation":{"angle":0.0,"axis":"x","origin":[6.632,11.221572,6.967832]},"faces":{"down":{"uv":[6.125,7.59375,6.6875,8.71875],"rotation":0,"texture":"#2fc73ab6-9ebf-e699-0057-69db92d2f491","tintindex":0},"east":{"uv":[1.5,1.3125,2.625,1.5],"rotation":0,"texture":"#2fc73ab6-9ebf-e699-0057-69db92d2f491","tintindex":0},"north":{"uv":[9.15625,4.4375,9.71875,4.625],"rotation":0,"texture":"#2fc73ab6-9ebf-e699-0057-69db92d2f491","tintindex":0},"south":{"uv":[9.28125,8.25,9.84375,8.4375],"rotation":0,"texture":"#2fc73ab6-9ebf-e699-0057-69db92d2f491","tintindex":0},"up":{"uv":[5.4375,8.625,4.875,7.5],"rotation":0,"texture":"#2fc73ab6-9ebf-e699-0057-69db92d2f491","tintindex":0},"west":{"uv":[4.4375,4.25,5.5625,4.4375],"rotation":0,"texture":"#2fc73ab6-9ebf-e699-0057-69db92d2f491","tintindex":0}}},{"name":"cube","from":[3.8959997,10.522276,-5.8476124],"to":[12.104,12.346276,-5.8476124],"rotation":{"angle":0.0,"axis":"x","origin":[6.632,11.221572,6.967832]},"faces":{"down":{"uv":[0.0,0.0,0.5625,0.0],"rotation":0,"texture":"#2fc73ab6-9ebf-e699-0057-69db92d2f491","tintindex":0},"east":{"uv":[0.0,0.0,0.0,0.0625],"rotation":0,"texture":"#2fc73ab6-9ebf-e699-0057-69db92d2f491","tintindex":0},"north":{"uv":[5.1875,2.0625,5.75,2.125],"rotation":0,"texture":"#2fc73ab6-9ebf-e699-0057-69db92d2f491","tintindex":0},"south":{"uv":[5.375,1.0,5.9375,1.0625],"rotation":0,"texture":"#2fc73ab6-9ebf-e699-0057-69db92d2f491","tintindex":0},"up":{"uv":[0.5625,0.0,0.0,0.0],"rotation":0,"texture":"#2fc73ab6-9ebf-e699-0057-69db92d2f491","tintindex":0},"west":{"uv":[0.0,0.0,0.0,0.0625],"rotation":0,"texture":"#2fc73ab6-9ebf-e699-0057-69db92d2f491","tintindex":0}}},{"name":"cube","from":[3.8959997,10.522276,-5.8476124],"to":[3.8959997,11.434276,10.568391],"rotation":{"angle":0.0,"axis":"x","origin":[6.632,11.221572,6.967832]},"faces":{"down":{"uv":[0.0,0.0,0.0,1.125],"rotation":0,"texture":"#2fc73ab6-9ebf-e699-0057-69db92d2f491","tintindex":0},"east":{"uv":[8.75,8.6875,9.875,8.75],"rotation":0,"texture":"#2fc73ab6-9ebf-e699-0057-69db92d2f491","tintindex":0},"north":{"uv":[0.0,0.0,0.0,0.0625],"rotation":0,"texture":"#2fc73ab6-9ebf-e699-0057-69db92d2f491","tintindex":0},"south":{"uv":[0.0,0.0,0.0,0.0625],"rotation":0,"texture":"#2fc73ab6-9ebf-e699-0057-69db92d2f491","tintindex":0},"up":{"uv":[0.0,1.125,0.0,0.0],"rotation":0,"texture":"#2fc73ab6-9ebf-e699-0057-69db92d2f491","tintindex":0},"west":{"uv":[9.28125,8.4375,10.40625,8.5],"rotation":0,"texture":"#2fc73ab6-9ebf-e699-0057-69db92d2f491","tintindex":0}}},{"name":"cube","from":[12.104,10.522276,-5.8476124],"to":[12.104,11.434276,10.568391],"rotation":{"angle":0.0,"axis":"x","origin":[6.632,11.221572,6.967832]},"faces":{"down":{"uv":[0.0,0.0,0.0,1.125],"rotation":0,"texture":"#2fc73ab6-9ebf-e699-0057-69db92d2f491","tintindex":0},"east":{"uv":[9.28125,8.5,10.40625,8.5625],"rotation":0,"texture":"#2fc73ab6-9ebf-e699-0057-69db92d2f491","tintindex":0},"north":{"uv":[0.0,0.0,0.0,0.0625],"rotation":0,"texture":"#2fc73ab6-9ebf-e699-0057-69db92d2f491","tintindex":0},"south":{"uv":[0.0,0.0,0.0,0.0625],"rotation":0,"texture":"#2fc73ab6-9ebf-e699-0057-69db92d2f491","tintindex":0},"up":{"uv":[0.0,1.125,0.0,0.0],"rotation":0,"texture":"#2fc73ab6-9ebf-e699-0057-69db92d2f491","tintindex":0},"west":{"uv":[9.34375,1.375,10.46875,1.4375],"rotation":0,"texture":"#2fc73ab6-9ebf-e699-0057-69db92d2f491","tintindex":0}}}],"display":{"head":{"translation":[0.0,-6.4,0.0],"rotation":[0.0,0.0,0.0],"scale":[3.8095,3.8095,3.8095]},"gui":{"translation":[0.0,0.0,0.0],"rotation":[35.0,225.0,0.0],"scale":[0.625,0.625,0.625]}}}