{"file_name":"left_bicep","texture_size":[512,512],"textures":{"2fc73ab6-9ebf-e699-0057-69db92d2f491":"modelengine:entity/canyoncrawler_texture"},"elements":[{"name":"cube","from":[2.370617,14.461712,5.601858],"to":[28.818615,19.933712,11.073858],"rotation":{"angle":-45.0,"axis":"z","origin":[24.838572,17.30516,8.639463]},"faces":{"down":{"uv":[6.125,3.625,7.9375,4.0],"rotation":0,"texture":"#2fc73ab6-9ebf-e699-0057-69db92d2f491","tintindex":0},"east":{"uv":[6.125,9.09375,6.5,9.46875],"rotation":0,"texture":"#2fc73ab6-9ebf-e699-0057-69db92d2f491","tintindex":0},"north":{"uv":[6.125,1.8125,7.9375,2.1875],"rotation":0,"texture":"#2fc73ab6-9ebf-e699-0057-69db92d2f491","tintindex":0},"south":{"uv":[6.125,2.1875,7.9375,2.5625],"rotation":0,"texture":"#2fc73ab6-9ebf-e699-0057-69db92d2f491","tintindex":0},"up":{"uv":[7.9375,2.9375,6.125,2.5625],"rotation":0,"texture":"#2fc73ab6-9ebf-e699-0057-69db92d2f491","tintindex":0},"west":{"uv":[4.4375,9.125,4.8125,9.5],"rotation":0,"texture":"#2fc73ab6-9ebf-e699-0057-69db92d2f491","tintindex":0}}},{"name":"cube","from":[-16.0,-6.5134,11.03129],"to":[-12.352005,-3.777399,13.76729],"rotation":{"angle":22.5,"axis":"y","origin":[-13.608471,-4.68017,12.724222]},"faces":{"down":{"uv":[9.625,9.125,9.875,9.3125],"rotation":0,"texture":"#2fc73ab6-9ebf-e699-0057-69db92d2f491","tintindex":0},"east":{"uv":[6.875,9.65625,7.0625,9.84375],"rotation":0,"texture":"#2fc73ab6-9ebf-e699-0057-69db92d2f491","tintindex":0},"north":{"uv":[9.125,9.625,9.375,9.8125],"rotation":0,"texture":"#2fc73ab6-9ebf-e699-0057-69db92d2f491","tintindex":0},"south":{"uv":[9.625,8.75,9.875,8.9375],"rotation":0,"texture":"#2fc73ab6-9ebf-e699-0057-69db92d2f491","tintindex":0},"up":{"uv":[9.875,9.125,9.625,8.9375],"rotation":0,"texture":"#2fc73ab6-9ebf-e699-0057-69db92d2f491","tintindex":0},"west":{"uv":[3.4375,9.6875,3.625,9.875],"rotation":0,"texture":"#2fc73ab6-9ebf-e699-0057-69db92d2f491","tintindex":0}}},{"name":"cube","from":[-13.879284,-6.5134,9.877276],"to":[-4.759285,-2.8653994,13.525276],"rotation":{"angle":22.5,"axis":"y","origin":[-12.617531,-4.68017,8.536135]},"faces":{"down":{"uv":[8.71875,5.0625,9.34375,5.3125],"rotation":0,"texture":"#2fc73ab6-9ebf-e699-0057-69db92d2f491","tintindex":0},"east":{"uv":[0.625,8.9375,0.875,9.1875],"rotation":0,"texture":"#2fc73ab6-9ebf-e699-0057-69db92d2f491","tintindex":0},"north":{"uv":[7.0625,3.3125,7.6875,3.5625],"rotation":0,"texture":"#2fc73ab6-9ebf-e699-0057-69db92d2f491","tintindex":0},"south":{"uv":[7.21875,6.5625,7.84375,6.8125],"rotation":0,"texture":"#2fc73ab6-9ebf-e699-0057-69db92d2f491","tintindex":0},"up":{"uv":[9.28125,8.5625,8.65625,8.3125],"rotation":0,"texture":"#2fc73ab6-9ebf-e699-0057-69db92d2f491","tintindex":0},"west":{"uv":[1.3125,9.375,1.5625,9.625],"rotation":0,"texture":"#2fc73ab6-9ebf-e699-0057-69db92d2f491","tintindex":0}}},{"name":"cube","from":[-15.493858,-6.5134,4.973251],"to":[-11.845856,-3.777399,7.709251],"rotation":{"angle":-22.5,"axis":"y","origin":[-9.960468,-3.7759724,4.467087]},"faces":{"down":{"uv":[9.59375,5.625,9.84375,5.8125],"rotation":0,"texture":"#2fc73ab6-9ebf-e699-0057-69db92d2f491","tintindex":0},"east":{"uv":[7.0,5.875,7.1875,6.0625],"rotation":0,"texture":"#2fc73ab6-9ebf-e699-0057-69db92d2f491","tintindex":0},"north":{"uv":[9.34375,5.625,9.59375,5.8125],"rotation":0,"texture":"#2fc73ab6-9ebf-e699-0057-69db92d2f491","tintindex":0},"south":{"uv":[9.5625,1.75,9.8125,1.9375],"rotation":0,"texture":"#2fc73ab6-9ebf-e699-0057-69db92d2f491","tintindex":0},"up":{"uv":[9.8125,4.1875,9.5625,4.0],"rotation":0,"texture":"#2fc73ab6-9ebf-e699-0057-69db92d2f491","tintindex":0},"west":{"uv":[7.25,9.09375,7.4375,9.28125],"rotation":0,"texture":"#2fc73ab6-9ebf-e699-0057-69db92d2f491","tintindex":0}}},{"name":"cube","from":[-13.60527,-6.5134,3.810175],"to":[-4.4852676,-2.8653994,7.4581747],"rotation":{"angle":-22.5,"axis":"y","origin":[-12.617531,-4.68017,8.536135]},"faces":{"down":{"uv":[6.125,5.78125,6.75,6.03125],"rotation":0,"texture":"#2fc73ab6-9ebf-e699-0057-69db92d2f491","tintindex":0},"east":{"uv":[6.75,5.875,7.0,6.125],"rotation":0,"texture":"#2fc73ab6-9ebf-e699-0057-69db92d2f491","tintindex":0},"north":{"uv":[5.1875,1.8125,5.8125,2.0625],"rotation":0,"texture":"#2fc73ab6-9ebf-e699-0057-69db92d2f491","tintindex":0},"south":{"uv":[5.375,0.75,6.0,1.0],"rotation":0,"texture":"#2fc73ab6-9ebf-e699-0057-69db92d2f491","tintindex":0},"up":{"uv":[6.75,5.0,6.125,4.75],"rotation":0,"texture":"#2fc73ab6-9ebf-e699-0057-69db92d2f491","tintindex":0},"west":{"uv":[7.6875,3.3125,7.9375,3.5625],"rotation":0,"texture":"#2fc73ab6-9ebf-e699-0057-69db92d2f491","tintindex":0}}},{"name":"cube","from":[-2.093792,-1.2706909,6.969858],"to":[0.6422081,3.2893095,9.705858],"rotation":{"angle":0.0,"axis":"x","origin":[2.906989,6.9427605,8.728621]},"faces":{"down":{"uv":[9.71875,5.875,9.90625,6.0625],"rotation":0,"texture":"#2fc73ab6-9ebf-e699-0057-69db92d2f491","tintindex":0},"east":{"uv":[0.75,9.5,0.9375,9.8125],"rotation":0,"texture":"#2fc73ab6-9ebf-e699-0057-69db92d2f491","tintindex":0},"north":{"uv":[0.75,9.1875,0.9375,9.5],"rotation":0,"texture":"#2fc73ab6-9ebf-e699-0057-69db92d2f491","tintindex":0},"south":{"uv":[9.53125,5.875,9.71875,6.1875],"rotation":0,"texture":"#2fc73ab6-9ebf-e699-0057-69db92d2f491","tintindex":0},"up":{"uv":[9.90625,4.8125,9.71875,4.625],"rotation":0,"texture":"#2fc73ab6-9ebf-e699-0057-69db92d2f491","tintindex":0},"west":{"uv":[9.53125,6.1875,9.71875,6.5],"rotation":0,"texture":"#2fc73ab6-9ebf-e699-0057-69db92d2f491","tintindex":0}}},{"name":"cube","from":[0.18620682,4.2013097,6.969858],"to":[2.922206,8.761309,9.705858],"rotation":{"angle":0.0,"axis":"x","origin":[2.906989,6.9427605,8.728621]},"faces":{"down":{"uv":[9.71875,4.4375,9.90625,4.625],"rotation":0,"texture":"#2fc73ab6-9ebf-e699-0057-69db92d2f491","tintindex":0},"east":{"uv":[1.875,7.78125,2.0625,8.09375],"rotation":0,"texture":"#2fc73ab6-9ebf-e699-0057-69db92d2f491","tintindex":0},"north":{"uv":[7.75,1.5,7.9375,1.8125],"rotation":0,"texture":"#2fc73ab6-9ebf-e699-0057-69db92d2f491","tintindex":0},"south":{"uv":[1.875,8.09375,2.0625,8.40625],"rotation":0,"texture":"#2fc73ab6-9ebf-e699-0057-69db92d2f491","tintindex":0},"up":{"uv":[6.3125,9.90625,6.125,9.71875],"rotation":0,"texture":"#2fc73ab6-9ebf-e699-0057-69db92d2f491","tintindex":0},"west":{"uv":[7.25,8.78125,7.4375,9.09375],"rotation":0,"texture":"#2fc73ab6-9ebf-e699-0057-69db92d2f491","tintindex":0}}},{"name":"cube","from":[3.3782415,-16.0,6.0578585],"to":[7.938242,22.304003,10.617859],"rotation":{"angle":-22.5,"axis":"z","origin":[26.39099,17.202759,8.728621]},"faces":{"down":{"uv":[6.0,0.75,6.3125,1.0625],"rotation":0,"texture":"#2fc73ab6-9ebf-e699-0057-69db92d2f491","tintindex":0},"east":{"uv":[0.3125,5.25,0.625,7.875],"rotation":0,"texture":"#2fc73ab6-9ebf-e699-0057-69db92d2f491","tintindex":0},"north":{"uv":[0.0,5.25,0.3125,7.875],"rotation":0,"texture":"#2fc73ab6-9ebf-e699-0057-69db92d2f491","tintindex":0},"south":{"uv":[0.625,5.25,0.9375,7.875],"rotation":0,"texture":"#2fc73ab6-9ebf-e699-0057-69db92d2f491","tintindex":0},"up":{"uv":[6.125,2.125,5.8125,1.8125],"rotation":0,"texture":"#2fc73ab6-9ebf-e699-0057-69db92d2f491","tintindex":0},"west":{"uv":[5.8125,5.8125,6.125,8.4375],"rotation":0,"texture":"#2fc73ab6-9ebf-e699-0057-69db92d2f491","tintindex":0}}}],"display":{"head":{"translation":[-69.6736,-27.28443,0.0],"rotation":[0.0,0.0,0.0],"scale":[3.8095,3.8095,3.8095]},"gui":{"translation":[0.0,0.0,0.0],"rotation":[35.0,225.0,0.0],"scale":[0.625,0.625,0.625]}}}