{"file_name":"left_thigh","texture_size":[512,512],"textures":{"2fc73ab6-9ebf-e699-0057-69db92d2f491":"modelengine:entity/canyoncrawler_texture"},"elements":[{"name":"cube","from":[2.3150826,14.40185,5.1026897],"to":[28.763083,19.873852,10.57469],"rotation":{"angle":-45.0,"axis":"z","origin":[24.834507,17.30432,8.145619]},"faces":{"down":{"uv":[6.3125,1.125,8.125,1.5],"rotation":0,"texture":"#2fc73ab6-9ebf-e699-0057-69db92d2f491","tintindex":0},"east":{"uv":[5.4375,9.125,5.8125,9.5],"rotation":0,"texture":"#2fc73ab6-9ebf-e699-0057-69db92d2f491","tintindex":0},"north":{"uv":[6.125,4.0,7.9375,4.375],"rotation":0,"texture":"#2fc73ab6-9ebf-e699-0057-69db92d2f491","tintindex":0},"south":{"uv":[6.125,4.375,7.9375,4.75],"rotation":0,"texture":"#2fc73ab6-9ebf-e699-0057-69db92d2f491","tintindex":0},"up":{"uv":[8.125,1.125,6.3125,0.75],"rotation":0,"texture":"#2fc73ab6-9ebf-e699-0057-69db92d2f491","tintindex":0},"west":{"uv":[9.15625,6.9375,9.53125,7.3125],"rotation":0,"texture":"#2fc73ab6-9ebf-e699-0057-69db92d2f491","tintindex":0}}},{"name":"cube","from":[3.3762064,-16.0,5.55869],"to":[7.936206,22.304,10.1186905],"rotation":{"angle":-22.5,"axis":"z","origin":[26.386925,17.201918,8.234776]},"faces":{"down":{"uv":[7.0625,9.28125,7.375,9.59375],"rotation":0,"texture":"#2fc73ab6-9ebf-e699-0057-69db92d2f491","tintindex":0},"east":{"uv":[2.375,5.9375,2.6875,8.5625],"rotation":0,"texture":"#2fc73ab6-9ebf-e699-0057-69db92d2f491","tintindex":0},"north":{"uv":[2.0625,5.9375,2.375,8.5625],"rotation":0,"texture":"#2fc73ab6-9ebf-e699-0057-69db92d2f491","tintindex":0},"south":{"uv":[2.6875,5.9375,3.0,8.5625],"rotation":0,"texture":"#2fc73ab6-9ebf-e699-0057-69db92d2f491","tintindex":0},"up":{"uv":[7.75,1.8125,7.4375,1.5],"rotation":0,"texture":"#2fc73ab6-9ebf-e699-0057-69db92d2f491","tintindex":0},"west":{"uv":[3.0,5.9375,3.3125,8.5625],"rotation":0,"texture":"#2fc73ab6-9ebf-e699-0057-69db92d2f491","tintindex":0}}},{"name":"cube","from":[-13.609337,-6.5142403,3.3105714],"to":[-4.4893417,-2.8662415,6.9585714],"rotation":{"angle":-22.5,"axis":"y","origin":[-12.621593,-4.681012,8.042291]},"faces":{"down":{"uv":[6.625,8.78125,7.25,9.03125],"rotation":0,"texture":"#2fc73ab6-9ebf-e699-0057-69db92d2f491","tintindex":0},"east":{"uv":[1.5625,9.375,1.8125,9.625],"rotation":0,"texture":"#2fc73ab6-9ebf-e699-0057-69db92d2f491","tintindex":0},"north":{"uv":[8.71875,5.3125,9.34375,5.5625],"rotation":0,"texture":"#2fc73ab6-9ebf-e699-0057-69db92d2f491","tintindex":0},"south":{"uv":[8.71875,5.5625,9.34375,5.8125],"rotation":0,"texture":"#2fc73ab6-9ebf-e699-0057-69db92d2f491","tintindex":0},"up":{"uv":[9.375,9.0,8.75,8.75],"rotation":0,"texture":"#2fc73ab6-9ebf-e699-0057-69db92d2f491","tintindex":0},"west":{"uv":[4.8125,9.375,5.0625,9.625],"rotation":0,"texture":"#2fc73ab6-9ebf-e699-0057-69db92d2f491","tintindex":0}}},{"name":"cube","from":[-15.497925,-6.5142403,4.473647],"to":[-11.84993,-3.778242,7.209648],"rotation":{"angle":-22.5,"axis":"y","origin":[-9.964535,-3.7768145,3.9732416]},"faces":{"down":{"uv":[9.375,9.65625,9.625,9.84375],"rotation":0,"texture":"#2fc73ab6-9ebf-e699-0057-69db92d2f491","tintindex":0},"east":{"uv":[9.71875,6.0625,9.90625,6.25],"rotation":0,"texture":"#2fc73ab6-9ebf-e699-0057-69db92d2f491","tintindex":0},"north":{"uv":[3.625,9.65625,3.875,9.84375],"rotation":0,"texture":"#2fc73ab6-9ebf-e699-0057-69db92d2f491","tintindex":0},"south":{"uv":[6.375,9.65625,6.625,9.84375],"rotation":0,"texture":"#2fc73ab6-9ebf-e699-0057-69db92d2f491","tintindex":0},"up":{"uv":[6.875,9.84375,6.625,9.65625],"rotation":0,"texture":"#2fc73ab6-9ebf-e699-0057-69db92d2f491","tintindex":0},"west":{"uv":[9.71875,6.25,9.90625,6.4375],"rotation":0,"texture":"#2fc73ab6-9ebf-e699-0057-69db92d2f491","tintindex":0}}},{"name":"cube","from":[-13.87928,-6.5142403,9.3793545],"to":[-4.759281,-2.8662415,13.027353],"rotation":{"angle":22.5,"axis":"y","origin":[-12.621593,-4.681012,8.042291]},"faces":{"down":{"uv":[8.90625,6.4375,9.53125,6.6875],"rotation":0,"texture":"#2fc73ab6-9ebf-e699-0057-69db92d2f491","tintindex":0},"east":{"uv":[5.0625,9.375,5.3125,9.625],"rotation":0,"texture":"#2fc73ab6-9ebf-e699-0057-69db92d2f491","tintindex":0},"north":{"uv":[8.875,2.8125,9.5,3.0625],"rotation":0,"texture":"#2fc73ab6-9ebf-e699-0057-69db92d2f491","tintindex":0},"south":{"uv":[8.875,3.0625,9.5,3.3125],"rotation":0,"texture":"#2fc73ab6-9ebf-e699-0057-69db92d2f491","tintindex":0},"up":{"uv":[9.53125,6.4375,8.90625,6.1875],"rotation":0,"texture":"#2fc73ab6-9ebf-e699-0057-69db92d2f491","tintindex":0},"west":{"uv":[9.375,8.75,9.625,9.0],"rotation":0,"texture":"#2fc73ab6-9ebf-e699-0057-69db92d2f491","tintindex":0}}},{"name":"cube","from":[-16.0,-6.5142403,10.533367],"to":[-12.351997,-3.778242,13.269368],"rotation":{"angle":22.5,"axis":"y","origin":[-13.612534,-4.681012,12.230377]},"faces":{"down":{"uv":[9.65625,1.125,9.90625,1.3125],"rotation":0,"texture":"#2fc73ab6-9ebf-e699-0057-69db92d2f491","tintindex":0},"east":{"uv":[9.71875,6.4375,9.90625,6.625],"rotation":0,"texture":"#2fc73ab6-9ebf-e699-0057-69db92d2f491","tintindex":0},"north":{"uv":[9.625,9.65625,9.875,9.84375],"rotation":0,"texture":"#2fc73ab6-9ebf-e699-0057-69db92d2f491","tintindex":0},"south":{"uv":[9.65625,0.75,9.90625,0.9375],"rotation":0,"texture":"#2fc73ab6-9ebf-e699-0057-69db92d2f491","tintindex":0},"up":{"uv":[9.90625,1.125,9.65625,0.9375],"rotation":0,"texture":"#2fc73ab6-9ebf-e699-0057-69db92d2f491","tintindex":0},"west":{"uv":[9.71875,6.625,9.90625,6.8125],"rotation":0,"texture":"#2fc73ab6-9ebf-e699-0057-69db92d2f491","tintindex":0}}},{"name":"cube","from":[-1.6488152,-0.22206402,6.445245],"to":[1.0871849,4.337936,9.181243],"rotation":{"angle":0.0,"axis":"x","origin":[2.9029245,7.9904795,-13.704051]},"faces":{"down":{"uv":[9.71875,7.0,9.90625,7.1875],"rotation":0,"texture":"#2fc73ab6-9ebf-e699-0057-69db92d2f491","tintindex":0},"east":{"uv":[9.53125,6.8125,9.71875,7.125],"rotation":0,"texture":"#2fc73ab6-9ebf-e699-0057-69db92d2f491","tintindex":0},"north":{"uv":[9.53125,6.5,9.71875,6.8125],"rotation":0,"texture":"#2fc73ab6-9ebf-e699-0057-69db92d2f491","tintindex":0},"south":{"uv":[9.53125,7.125,9.71875,7.4375],"rotation":0,"texture":"#2fc73ab6-9ebf-e699-0057-69db92d2f491","tintindex":0},"up":{"uv":[9.90625,7.0,9.71875,6.8125],"rotation":0,"texture":"#2fc73ab6-9ebf-e699-0057-69db92d2f491","tintindex":0},"west":{"uv":[9.53125,7.875,9.71875,8.1875],"rotation":0,"texture":"#2fc73ab6-9ebf-e699-0057-69db92d2f491","tintindex":0}}},{"name":"cube","from":[0.6311836,5.249936,6.445245],"to":[3.3671846,9.809936,9.181243],"rotation":{"angle":0.0,"axis":"x","origin":[2.9029245,7.9904795,-13.704051]},"faces":{"down":{"uv":[9.71875,7.875,9.90625,8.0625],"rotation":0,"texture":"#2fc73ab6-9ebf-e699-0057-69db92d2f491","tintindex":0},"east":{"uv":[0.1875,9.5625,0.375,9.875],"rotation":0,"texture":"#2fc73ab6-9ebf-e699-0057-69db92d2f491","tintindex":0},"north":{"uv":[0.0,9.5625,0.1875,9.875],"rotation":0,"texture":"#2fc73ab6-9ebf-e699-0057-69db92d2f491","tintindex":0},"south":{"uv":[0.375,9.5625,0.5625,9.875],"rotation":0,"texture":"#2fc73ab6-9ebf-e699-0057-69db92d2f491","tintindex":0},"up":{"uv":[9.90625,7.375,9.71875,7.1875],"rotation":0,"texture":"#2fc73ab6-9ebf-e699-0057-69db92d2f491","tintindex":0},"west":{"uv":[0.5625,9.5625,0.75,9.875],"rotation":0,"texture":"#2fc73ab6-9ebf-e699-0057-69db92d2f491","tintindex":0}}}],"display":{"head":{"translation":[-69.14917,-27.910517,0.0],"rotation":[0.0,0.0,0.0],"scale":[3.8095,3.8095,3.8095]},"gui":{"translation":[0.0,0.0,0.0],"rotation":[35.0,225.0,0.0],"scale":[0.625,0.625,0.625]}}}