{"file_name":"lower_body","texture_size":[512,512],"textures":{"2fc73ab6-9ebf-e699-0057-69db92d2f491":"modelengine:entity/canyoncrawler_texture"},"elements":[{"name":"cube","from":[0.70399976,2.030235,7.5183573],"to":[15.2960005,15.710236,14.814357],"rotation":{"angle":0.0,"axis":"x","origin":[8.912001,17.595127,-13.310636]},"faces":{"down":{"uv":[7.9375,1.5,8.9375,2.0],"rotation":0,"texture":"#2fc73ab6-9ebf-e699-0057-69db92d2f491","tintindex":0},"east":{"uv":[0.0,7.875,0.5,8.8125],"rotation":0,"texture":"#2fc73ab6-9ebf-e699-0057-69db92d2f491","tintindex":0},"north":{"uv":[1.0625,5.0625,2.0625,6.0],"rotation":0,"texture":"#2fc73ab6-9ebf-e699-0057-69db92d2f491","tintindex":0},"south":{"uv":[5.125,2.125,6.125,3.0625],"rotation":0,"texture":"#2fc73ab6-9ebf-e699-0057-69db92d2f491","tintindex":0},"up":{"uv":[8.4375,8.09375,7.4375,7.59375],"rotation":0,"texture":"#2fc73ab6-9ebf-e699-0057-69db92d2f491","tintindex":0},"west":{"uv":[7.9375,3.3125,8.4375,4.25],"rotation":0,"texture":"#2fc73ab6-9ebf-e699-0057-69db92d2f491","tintindex":0}}},{"name":"cube","from":[6.1759996,7.5022345,27.582355],"to":[9.823999,10.238235,29.406357],"rotation":{"angle":0.0,"axis":"x","origin":[8.912001,17.595127,-13.310636]},"faces":{"down":{"uv":[5.125,3.0625,5.375,3.1875],"rotation":0,"texture":"#2fc73ab6-9ebf-e699-0057-69db92d2f491","tintindex":0},"east":{"uv":[1.375,2.875,1.5,3.0625],"rotation":0,"texture":"#2fc73ab6-9ebf-e699-0057-69db92d2f491","tintindex":0},"north":{"uv":[2.625,1.3125,2.875,1.5],"rotation":0,"texture":"#2fc73ab6-9ebf-e699-0057-69db92d2f491","tintindex":0},"south":{"uv":[5.4375,8.25,5.6875,8.4375],"rotation":0,"texture":"#2fc73ab6-9ebf-e699-0057-69db92d2f491","tintindex":0},"up":{"uv":[2.3125,5.1875,2.0625,5.0625],"rotation":0,"texture":"#2fc73ab6-9ebf-e699-0057-69db92d2f491","tintindex":0},"west":{"uv":[1.375,3.0625,1.5,3.25],"rotation":0,"texture":"#2fc73ab6-9ebf-e699-0057-69db92d2f491","tintindex":0}}},{"name":"cube","from":[4.3519998,5.678234,22.110355],"to":[11.648,12.062236,27.582355],"rotation":{"angle":0.0,"axis":"x","origin":[8.912001,17.595127,-13.310636]},"faces":{"down":{"uv":[6.125,8.71875,6.625,9.09375],"rotation":0,"texture":"#2fc73ab6-9ebf-e699-0057-69db92d2f491","tintindex":0},"east":{"uv":[4.4375,8.6875,4.8125,9.125],"rotation":0,"texture":"#2fc73ab6-9ebf-e699-0057-69db92d2f491","tintindex":0},"north":{"uv":[8.4375,3.6875,8.9375,4.125],"rotation":0,"texture":"#2fc73ab6-9ebf-e699-0057-69db92d2f491","tintindex":0},"south":{"uv":[8.4375,7.5,8.9375,7.9375],"rotation":0,"texture":"#2fc73ab6-9ebf-e699-0057-69db92d2f491","tintindex":0},"up":{"uv":[9.15625,8.3125,8.65625,7.9375],"rotation":0,"texture":"#2fc73ab6-9ebf-e699-0057-69db92d2f491","tintindex":0},"west":{"uv":[8.71875,4.625,9.09375,5.0625],"rotation":0,"texture":"#2fc73ab6-9ebf-e699-0057-69db92d2f491","tintindex":0}}},{"name":"cube","from":[2.5279999,3.8542356,14.814357],"to":[13.471999,13.886234,22.110355],"rotation":{"angle":0.0,"axis":"x","origin":[8.912001,17.595127,-13.310636]},"faces":{"down":{"uv":[8.3125,0.0,9.0625,0.5],"rotation":0,"texture":"#2fc73ab6-9ebf-e699-0057-69db92d2f491","tintindex":0},"east":{"uv":[8.40625,6.1875,8.90625,6.875],"rotation":0,"texture":"#2fc73ab6-9ebf-e699-0057-69db92d2f491","tintindex":0},"north":{"uv":[7.21875,5.875,7.96875,6.5625],"rotation":0,"texture":"#2fc73ab6-9ebf-e699-0057-69db92d2f491","tintindex":0},"south":{"uv":[6.6875,7.59375,7.4375,8.28125],"rotation":0,"texture":"#2fc73ab6-9ebf-e699-0057-69db92d2f491","tintindex":0},"up":{"uv":[7.4375,8.78125,6.6875,8.28125],"rotation":0,"texture":"#2fc73ab6-9ebf-e699-0057-69db92d2f491","tintindex":0},"west":{"uv":[5.4375,8.4375,5.9375,9.125],"rotation":0,"texture":"#2fc73ab6-9ebf-e699-0057-69db92d2f491","tintindex":0}}}],"display":{"head":{"translation":[0.0,-6.4,0.0],"rotation":[0.0,0.0,0.0],"scale":[3.8095,3.8095,3.8095]},"gui":{"translation":[0.0,0.0,0.0],"rotation":[35.0,225.0,0.0],"scale":[0.625,0.625,0.625]}}}