{"file_name":"right_thigh","texture_size":[512,512],"textures":{"2fc73ab6-9ebf-e699-0057-69db92d2f491":"modelengine:entity/canyoncrawler_texture"},"elements":[{"name":"cube","from":[-12.7630825,14.40185,5.1026897],"to":[13.684917,19.873852,10.57469],"rotation":{"angle":45.0,"axis":"z","origin":[-8.834507,17.30432,8.145619]},"faces":{"down":{"uv":[6.90625,4.75,8.71875,5.125],"rotation":0,"texture":"#2fc73ab6-9ebf-e699-0057-69db92d2f491","tintindex":0},"east":{"uv":[9.15625,7.875,9.53125,8.25],"rotation":0,"texture":"#2fc73ab6-9ebf-e699-0057-69db92d2f491","tintindex":0},"north":{"uv":[6.5,0.0,8.3125,0.375],"rotation":0,"texture":"#2fc73ab6-9ebf-e699-0057-69db92d2f491","tintindex":0},"south":{"uv":[6.5,0.375,8.3125,0.75],"rotation":0,"texture":"#2fc73ab6-9ebf-e699-0057-69db92d2f491","tintindex":0},"up":{"uv":[7.9375,7.21875,6.125,6.84375],"rotation":0,"texture":"#2fc73ab6-9ebf-e699-0057-69db92d2f491","tintindex":0},"west":{"uv":[0.0,9.1875,0.375,9.5625],"rotation":0,"texture":"#2fc73ab6-9ebf-e699-0057-69db92d2f491","tintindex":0}}},{"name":"cube","from":[8.063793,-16.0,5.55869],"to":[12.623795,22.304,10.1186905],"rotation":{"angle":22.5,"axis":"z","origin":[-10.386925,17.201918,8.234776]},"faces":{"down":{"uv":[9.34375,1.0625,9.65625,1.375],"rotation":0,"texture":"#2fc73ab6-9ebf-e699-0057-69db92d2f491","tintindex":0},"east":{"uv":[3.625,5.9375,3.9375,8.5625],"rotation":0,"texture":"#2fc73ab6-9ebf-e699-0057-69db92d2f491","tintindex":0},"north":{"uv":[3.3125,5.9375,3.625,8.5625],"rotation":0,"texture":"#2fc73ab6-9ebf-e699-0057-69db92d2f491","tintindex":0},"south":{"uv":[3.9375,5.9375,4.25,8.5625],"rotation":0,"texture":"#2fc73ab6-9ebf-e699-0057-69db92d2f491","tintindex":0},"up":{"uv":[9.65625,1.0625,9.34375,0.75],"rotation":0,"texture":"#2fc73ab6-9ebf-e699-0057-69db92d2f491","tintindex":0},"west":{"uv":[0.9375,6.0,1.25,8.625],"rotation":0,"texture":"#2fc73ab6-9ebf-e699-0057-69db92d2f491","tintindex":0}}},{"name":"cube","from":[20.489346,-6.5142403,3.3105714],"to":[29.60934,-2.8662415,6.9585714],"rotation":{"angle":22.5,"axis":"y","origin":[28.621597,-4.681012,8.042291]},"faces":{"down":{"uv":[8.9375,1.6875,9.5625,1.9375],"rotation":0,"texture":"#2fc73ab6-9ebf-e699-0057-69db92d2f491","tintindex":0},"east":{"uv":[9.375,9.0,9.625,9.25],"rotation":0,"texture":"#2fc73ab6-9ebf-e699-0057-69db92d2f491","tintindex":0},"north":{"uv":[8.90625,6.6875,9.53125,6.9375],"rotation":0,"texture":"#2fc73ab6-9ebf-e699-0057-69db92d2f491","tintindex":0},"south":{"uv":[0.0,8.9375,0.625,9.1875],"rotation":0,"texture":"#2fc73ab6-9ebf-e699-0057-69db92d2f491","tintindex":0},"up":{"uv":[9.5625,1.6875,8.9375,1.4375],"rotation":0,"texture":"#2fc73ab6-9ebf-e699-0057-69db92d2f491","tintindex":0},"west":{"uv":[9.40625,9.40625,9.65625,9.65625],"rotation":0,"texture":"#2fc73ab6-9ebf-e699-0057-69db92d2f491","tintindex":0}}},{"name":"cube","from":[27.849934,-6.5142403,4.473647],"to":[31.497925,-3.778242,7.209648],"rotation":{"angle":22.5,"axis":"y","origin":[25.964535,-3.7768145,3.9732416]},"faces":{"down":{"uv":[9.65625,9.3125,9.90625,9.5],"rotation":0,"texture":"#2fc73ab6-9ebf-e699-0057-69db92d2f491","tintindex":0},"east":{"uv":[9.71875,8.0625,9.90625,8.25],"rotation":0,"texture":"#2fc73ab6-9ebf-e699-0057-69db92d2f491","tintindex":0},"north":{"uv":[9.65625,5.0,9.90625,5.1875],"rotation":0,"texture":"#2fc73ab6-9ebf-e699-0057-69db92d2f491","tintindex":0},"south":{"uv":[9.65625,5.1875,9.90625,5.375],"rotation":0,"texture":"#2fc73ab6-9ebf-e699-0057-69db92d2f491","tintindex":0},"up":{"uv":[9.90625,5.5625,9.65625,5.375],"rotation":0,"texture":"#2fc73ab6-9ebf-e699-0057-69db92d2f491","tintindex":0},"west":{"uv":[4.4375,9.75,4.625,9.9375],"rotation":0,"texture":"#2fc73ab6-9ebf-e699-0057-69db92d2f491","tintindex":0}}},{"name":"cube","from":[20.759281,-6.5142403,9.3793545],"to":[29.879284,-2.8662415,13.027353],"rotation":{"angle":-22.5,"axis":"y","origin":[28.621597,-4.681012,8.042291]},"faces":{"down":{"uv":[8.75,9.0,9.375,9.25],"rotation":0,"texture":"#2fc73ab6-9ebf-e699-0057-69db92d2f491","tintindex":0},"east":{"uv":[6.125,9.46875,6.375,9.71875],"rotation":0,"texture":"#2fc73ab6-9ebf-e699-0057-69db92d2f491","tintindex":0},"north":{"uv":[8.9375,3.6875,9.5625,3.9375],"rotation":0,"texture":"#2fc73ab6-9ebf-e699-0057-69db92d2f491","tintindex":0},"south":{"uv":[8.9375,3.9375,9.5625,4.1875],"rotation":0,"texture":"#2fc73ab6-9ebf-e699-0057-69db92d2f491","tintindex":0},"up":{"uv":[9.5625,7.75,8.9375,7.5],"rotation":0,"texture":"#2fc73ab6-9ebf-e699-0057-69db92d2f491","tintindex":0},"west":{"uv":[4.4375,9.5,4.6875,9.75],"rotation":0,"texture":"#2fc73ab6-9ebf-e699-0057-69db92d2f491","tintindex":0}}},{"name":"cube","from":[28.352001,-6.5142403,10.533367],"to":[32.0,-3.778242,13.269368],"rotation":{"angle":-22.5,"axis":"y","origin":[29.612534,-4.681012,12.230377]},"faces":{"down":{"uv":[3.1875,9.6875,3.4375,9.875],"rotation":0,"texture":"#2fc73ab6-9ebf-e699-0057-69db92d2f491","tintindex":0},"east":{"uv":[5.25,9.75,5.4375,9.9375],"rotation":0,"texture":"#2fc73ab6-9ebf-e699-0057-69db92d2f491","tintindex":0},"north":{"uv":[2.4375,9.6875,2.6875,9.875],"rotation":0,"texture":"#2fc73ab6-9ebf-e699-0057-69db92d2f491","tintindex":0},"south":{"uv":[2.6875,9.6875,2.9375,9.875],"rotation":0,"texture":"#2fc73ab6-9ebf-e699-0057-69db92d2f491","tintindex":0},"up":{"uv":[3.1875,9.875,2.9375,9.6875],"rotation":0,"texture":"#2fc73ab6-9ebf-e699-0057-69db92d2f491","tintindex":0},"west":{"uv":[5.4375,9.75,5.625,9.9375],"rotation":0,"texture":"#2fc73ab6-9ebf-e699-0057-69db92d2f491","tintindex":0}}},{"name":"cube","from":[14.912815,-0.22206402,6.445245],"to":[17.648819,4.337936,9.181243],"rotation":{"angle":0.0,"axis":"x","origin":[13.097076,7.9904795,-13.704051]},"faces":{"down":{"uv":[9.75,1.4375,9.9375,1.625],"rotation":0,"texture":"#2fc73ab6-9ebf-e699-0057-69db92d2f491","tintindex":0},"east":{"uv":[9.5625,3.6875,9.75,4.0],"rotation":0,"texture":"#2fc73ab6-9ebf-e699-0057-69db92d2f491","tintindex":0},"north":{"uv":[9.5625,1.4375,9.75,1.75],"rotation":0,"texture":"#2fc73ab6-9ebf-e699-0057-69db92d2f491","tintindex":0},"south":{"uv":[9.5625,7.4375,9.75,7.75],"rotation":0,"texture":"#2fc73ab6-9ebf-e699-0057-69db92d2f491","tintindex":0},"up":{"uv":[5.8125,9.9375,5.625,9.75],"rotation":0,"texture":"#2fc73ab6-9ebf-e699-0057-69db92d2f491","tintindex":0},"west":{"uv":[7.0625,9.59375,7.25,9.90625],"rotation":0,"texture":"#2fc73ab6-9ebf-e699-0057-69db92d2f491","tintindex":0}}},{"name":"cube","from":[12.632816,5.249936,6.445245],"to":[15.368816,9.809936,9.181243],"rotation":{"angle":0.0,"axis":"x","origin":[13.097076,7.9904795,-13.704051]},"faces":{"down":{"uv":[9.75,3.0,9.9375,3.1875],"rotation":0,"texture":"#2fc73ab6-9ebf-e699-0057-69db92d2f491","tintindex":0},"east":{"uv":[1.3125,9.625,1.5,9.9375],"rotation":0,"texture":"#2fc73ab6-9ebf-e699-0057-69db92d2f491","tintindex":0},"north":{"uv":[7.25,9.59375,7.4375,9.90625],"rotation":0,"texture":"#2fc73ab6-9ebf-e699-0057-69db92d2f491","tintindex":0},"south":{"uv":[1.5,9.625,1.6875,9.9375],"rotation":0,"texture":"#2fc73ab6-9ebf-e699-0057-69db92d2f491","tintindex":0},"up":{"uv":[9.9375,3.0,9.75,2.8125],"rotation":0,"texture":"#2fc73ab6-9ebf-e699-0057-69db92d2f491","tintindex":0},"west":{"uv":[1.6875,9.625,1.875,9.9375],"rotation":0,"texture":"#2fc73ab6-9ebf-e699-0057-69db92d2f491","tintindex":0}}}],"display":{"head":{"translation":[69.14917,-27.910517,0.0],"rotation":[0.0,0.0,0.0],"scale":[3.8095,3.8095,3.8095]},"gui":{"translation":[0.0,0.0,0.0],"rotation":[35.0,225.0,0.0],"scale":[0.625,0.625,0.625]}}}