{"file_name":"right_bicep","texture_size":[512,512],"textures":{"2fc73ab6-9ebf-e699-0057-69db92d2f491":"modelengine:entity/canyoncrawler_texture"},"elements":[{"name":"cube","from":[-12.81862,14.461712,5.601858],"to":[13.629379,19.933712,11.073858],"rotation":{"angle":45.0,"axis":"z","origin":[-8.838575,17.30516,8.639463]},"faces":{"down":{"uv":[6.125,7.21875,7.9375,7.59375],"rotation":0,"texture":"#2fc73ab6-9ebf-e699-0057-69db92d2f491","tintindex":0},"east":{"uv":[0.375,9.1875,0.75,9.5625],"rotation":0,"texture":"#2fc73ab6-9ebf-e699-0057-69db92d2f491","tintindex":0},"north":{"uv":[6.90625,5.125,8.71875,5.5],"rotation":0,"texture":"#2fc73ab6-9ebf-e699-0057-69db92d2f491","tintindex":0},"south":{"uv":[6.90625,5.5,8.71875,5.875],"rotation":0,"texture":"#2fc73ab6-9ebf-e699-0057-69db92d2f491","tintindex":0},"up":{"uv":[8.875,3.3125,7.0625,2.9375],"rotation":0,"texture":"#2fc73ab6-9ebf-e699-0057-69db92d2f491","tintindex":0},"west":{"uv":[8.75,9.25,9.125,9.625],"rotation":0,"texture":"#2fc73ab6-9ebf-e699-0057-69db92d2f491","tintindex":0}}},{"name":"cube","from":[8.061756,-16.0,6.0578585],"to":[12.621754,22.304003,10.617859],"rotation":{"angle":22.5,"axis":"z","origin":[-10.390993,17.202759,8.728621]},"faces":{"down":{"uv":[9.34375,5.3125,9.65625,5.625],"rotation":0,"texture":"#2fc73ab6-9ebf-e699-0057-69db92d2f491","tintindex":0},"east":{"uv":[1.5625,6.0,1.875,8.625],"rotation":0,"texture":"#2fc73ab6-9ebf-e699-0057-69db92d2f491","tintindex":0},"north":{"uv":[1.25,6.0,1.5625,8.625],"rotation":0,"texture":"#2fc73ab6-9ebf-e699-0057-69db92d2f491","tintindex":0},"south":{"uv":[4.25,6.0625,4.5625,8.6875],"rotation":0,"texture":"#2fc73ab6-9ebf-e699-0057-69db92d2f491","tintindex":0},"up":{"uv":[9.65625,5.3125,9.34375,5.0],"rotation":0,"texture":"#2fc73ab6-9ebf-e699-0057-69db92d2f491","tintindex":0},"west":{"uv":[4.5625,6.0625,4.875,8.6875],"rotation":0,"texture":"#2fc73ab6-9ebf-e699-0057-69db92d2f491","tintindex":0}}},{"name":"cube","from":[13.077789,4.2013097,6.969858],"to":[15.813789,8.761309,9.705858],"rotation":{"angle":0.0,"axis":"x","origin":[13.093006,6.9427605,8.728621]},"faces":{"down":{"uv":[9.75,7.375,9.9375,7.5625],"rotation":0,"texture":"#2fc73ab6-9ebf-e699-0057-69db92d2f491","tintindex":0},"east":{"uv":[2.0625,9.625,2.25,9.9375],"rotation":0,"texture":"#2fc73ab6-9ebf-e699-0057-69db92d2f491","tintindex":0},"north":{"uv":[1.875,9.625,2.0625,9.9375],"rotation":0,"texture":"#2fc73ab6-9ebf-e699-0057-69db92d2f491","tintindex":0},"south":{"uv":[2.25,9.625,2.4375,9.9375],"rotation":0,"texture":"#2fc73ab6-9ebf-e699-0057-69db92d2f491","tintindex":0},"up":{"uv":[9.9375,3.875,9.75,3.6875],"rotation":0,"texture":"#2fc73ab6-9ebf-e699-0057-69db92d2f491","tintindex":0},"west":{"uv":[4.6875,9.625,4.875,9.9375],"rotation":0,"texture":"#2fc73ab6-9ebf-e699-0057-69db92d2f491","tintindex":0}}},{"name":"cube","from":[15.357788,-1.2706909,6.969858],"to":[18.093792,3.2893095,9.705858],"rotation":{"angle":0.0,"axis":"x","origin":[13.093006,6.9427605,8.728621]},"faces":{"down":{"uv":[9.78125,2.3125,9.96875,2.5],"rotation":0,"texture":"#2fc73ab6-9ebf-e699-0057-69db92d2f491","tintindex":0},"east":{"uv":[5.0625,9.625,5.25,9.9375],"rotation":0,"texture":"#2fc73ab6-9ebf-e699-0057-69db92d2f491","tintindex":0},"north":{"uv":[4.875,9.625,5.0625,9.9375],"rotation":0,"texture":"#2fc73ab6-9ebf-e699-0057-69db92d2f491","tintindex":0},"south":{"uv":[8.75,9.625,8.9375,9.9375],"rotation":0,"texture":"#2fc73ab6-9ebf-e699-0057-69db92d2f491","tintindex":0},"up":{"uv":[9.9375,7.75,9.75,7.5625],"rotation":0,"texture":"#2fc73ab6-9ebf-e699-0057-69db92d2f491","tintindex":0},"west":{"uv":[8.9375,9.625,9.125,9.9375],"rotation":0,"texture":"#2fc73ab6-9ebf-e699-0057-69db92d2f491","tintindex":0}}},{"name":"cube","from":[20.485264,-6.5134,3.810175],"to":[29.605267,-2.8653994,7.4581747],"rotation":{"angle":22.5,"axis":"y","origin":[28.617527,-4.68017,8.536135]},"faces":{"down":{"uv":[9.0625,1.9375,9.6875,2.1875],"rotation":0,"texture":"#2fc73ab6-9ebf-e699-0057-69db92d2f491","tintindex":0},"east":{"uv":[5.3125,9.5,5.5625,9.75],"rotation":0,"texture":"#2fc73ab6-9ebf-e699-0057-69db92d2f491","tintindex":0},"north":{"uv":[6.625,9.03125,7.25,9.28125],"rotation":0,"texture":"#2fc73ab6-9ebf-e699-0057-69db92d2f491","tintindex":0},"south":{"uv":[9.0625,0.0,9.6875,0.25],"rotation":0,"texture":"#2fc73ab6-9ebf-e699-0057-69db92d2f491","tintindex":0},"up":{"uv":[9.6875,0.5,9.0625,0.25],"rotation":0,"texture":"#2fc73ab6-9ebf-e699-0057-69db92d2f491","tintindex":0},"west":{"uv":[5.5625,9.5,5.8125,9.75],"rotation":0,"texture":"#2fc73ab6-9ebf-e699-0057-69db92d2f491","tintindex":0}}},{"name":"cube","from":[27.845852,-6.5134,4.973251],"to":[31.493855,-3.777399,7.709251],"rotation":{"angle":22.5,"axis":"y","origin":[25.960468,-3.7759724,4.467087]},"faces":{"down":{"uv":[8.1875,9.6875,8.4375,9.875],"rotation":0,"texture":"#2fc73ab6-9ebf-e699-0057-69db92d2f491","tintindex":0},"east":{"uv":[9.78125,2.5,9.96875,2.6875],"rotation":0,"texture":"#2fc73ab6-9ebf-e699-0057-69db92d2f491","tintindex":0},"north":{"uv":[7.4375,9.6875,7.6875,9.875],"rotation":0,"texture":"#2fc73ab6-9ebf-e699-0057-69db92d2f491","tintindex":0},"south":{"uv":[7.6875,9.6875,7.9375,9.875],"rotation":0,"texture":"#2fc73ab6-9ebf-e699-0057-69db92d2f491","tintindex":0},"up":{"uv":[8.1875,9.875,7.9375,9.6875],"rotation":0,"texture":"#2fc73ab6-9ebf-e699-0057-69db92d2f491","tintindex":0},"west":{"uv":[9.78125,4.1875,9.96875,4.375],"rotation":0,"texture":"#2fc73ab6-9ebf-e699-0057-69db92d2f491","tintindex":0}}},{"name":"cube","from":[20.759281,-6.5134,9.877276],"to":[29.87928,-2.8653994,13.525276],"rotation":{"angle":-22.5,"axis":"y","origin":[28.617527,-4.68017,8.536135]},"faces":{"down":{"uv":[9.15625,4.1875,9.78125,4.4375],"rotation":0,"texture":"#2fc73ab6-9ebf-e699-0057-69db92d2f491","tintindex":0},"east":{"uv":[9.5,2.8125,9.75,3.0625],"rotation":0,"texture":"#2fc73ab6-9ebf-e699-0057-69db92d2f491","tintindex":0},"north":{"uv":[9.0625,2.1875,9.6875,2.4375],"rotation":0,"texture":"#2fc73ab6-9ebf-e699-0057-69db92d2f491","tintindex":0},"south":{"uv":[9.09375,4.625,9.71875,4.875],"rotation":0,"texture":"#2fc73ab6-9ebf-e699-0057-69db92d2f491","tintindex":0},"up":{"uv":[9.78125,2.6875,9.15625,2.4375],"rotation":0,"texture":"#2fc73ab6-9ebf-e699-0057-69db92d2f491","tintindex":0},"west":{"uv":[9.5,3.0625,9.75,3.3125],"rotation":0,"texture":"#2fc73ab6-9ebf-e699-0057-69db92d2f491","tintindex":0}}},{"name":"cube","from":[28.352001,-6.5134,11.03129],"to":[32.0,-3.777399,13.76729],"rotation":{"angle":-22.5,"axis":"y","origin":[29.608467,-4.68017,12.724222]},"faces":{"down":{"uv":[9.6875,2.125,9.9375,2.3125],"rotation":0,"texture":"#2fc73ab6-9ebf-e699-0057-69db92d2f491","tintindex":0},"east":{"uv":[0.75,9.8125,0.9375,10.0],"rotation":0,"texture":"#2fc73ab6-9ebf-e699-0057-69db92d2f491","tintindex":0},"north":{"uv":[9.6875,0.0,9.9375,0.1875],"rotation":0,"texture":"#2fc73ab6-9ebf-e699-0057-69db92d2f491","tintindex":0},"south":{"uv":[9.6875,0.1875,9.9375,0.375],"rotation":0,"texture":"#2fc73ab6-9ebf-e699-0057-69db92d2f491","tintindex":0},"up":{"uv":[9.9375,2.125,9.6875,1.9375],"rotation":0,"texture":"#2fc73ab6-9ebf-e699-0057-69db92d2f491","tintindex":0},"west":{"uv":[9.125,9.8125,9.3125,10.0],"rotation":0,"texture":"#2fc73ab6-9ebf-e699-0057-69db92d2f491","tintindex":0}}}],"display":{"head":{"translation":[69.673615,-27.28443,0.0],"rotation":[0.0,0.0,0.0],"scale":[3.8095,3.8095,3.8095]},"gui":{"translation":[0.0,0.0,0.0],"rotation":[35.0,225.0,0.0],"scale":[0.625,0.625,0.625]}}}