{"file_name":"tongue","texture_size":[512,512],"textures":{"2fc73ab6-9ebf-e699-0057-69db92d2f491":"modelengine:entity/canyoncrawler_texture"},"elements":[{"name":"cube","from":[7.0880003,8.777693,-12.293323],"to":[8.912001,9.689693,12.330681],"rotation":{"angle":0.0,"axis":"x","origin":[3.4399998,11.386437,8.344694]},"faces":{"down":{"uv":[4.3125,8.6875,4.4375,10.375],"rotation":0,"texture":"#2fc73ab6-9ebf-e699-0057-69db92d2f491","tintindex":0},"east":{"uv":[8.3125,0.6875,10.0,0.75],"rotation":0,"texture":"#2fc73ab6-9ebf-e699-0057-69db92d2f491","tintindex":0},"north":{"uv":[1.3125,3.9375,1.4375,4.0],"rotation":0,"texture":"#2fc73ab6-9ebf-e699-0057-69db92d2f491","tintindex":0},"south":{"uv":[6.125,3.0,6.25,3.0625],"rotation":0,"texture":"#2fc73ab6-9ebf-e699-0057-69db92d2f491","tintindex":0},"up":{"uv":[4.3125,10.375,4.1875,8.6875],"rotation":0,"texture":"#2fc73ab6-9ebf-e699-0057-69db92d2f491","tintindex":0},"west":{"uv":[8.71875,5.8125,10.40625,5.875],"rotation":0,"texture":"#2fc73ab6-9ebf-e699-0057-69db92d2f491","tintindex":0}}},{"name":"cube","from":[8.294994,8.823293,-16.0],"to":[9.206993,9.666894,-12.351998],"rotation":{"angle":-22.5,"axis":"y","origin":[8.0,8.026532,-13.066224]},"faces":{"down":{"uv":[1.4375,3.25,1.5,3.5],"rotation":0,"texture":"#2fc73ab6-9ebf-e699-0057-69db92d2f491","tintindex":0},"east":{"uv":[1.0625,3.9375,1.3125,4.0],"rotation":0,"texture":"#2fc73ab6-9ebf-e699-0057-69db92d2f491","tintindex":0},"north":{"uv":[1.4375,3.9375,1.5,4.0],"rotation":0,"texture":"#2fc73ab6-9ebf-e699-0057-69db92d2f491","tintindex":0},"south":{"uv":[3.9375,2.125,4.0,2.1875],"rotation":0,"texture":"#2fc73ab6-9ebf-e699-0057-69db92d2f491","tintindex":0},"up":{"uv":[1.4375,3.5,1.375,3.25],"rotation":0,"texture":"#2fc73ab6-9ebf-e699-0057-69db92d2f491","tintindex":0},"west":{"uv":[4.0,3.90625,4.25,3.96875],"rotation":0,"texture":"#2fc73ab6-9ebf-e699-0057-69db92d2f491","tintindex":0}}},{"name":"cube","from":[6.793006,8.823293,-16.0],"to":[7.705006,9.666894,-12.351998],"rotation":{"angle":22.5,"axis":"y","origin":[8.0,8.026532,-13.066224]},"faces":{"down":{"uv":[1.4375,3.5,1.5,3.75],"rotation":0,"texture":"#2fc73ab6-9ebf-e699-0057-69db92d2f491","tintindex":0},"east":{"uv":[5.5625,5.40625,5.8125,5.46875],"rotation":0,"texture":"#2fc73ab6-9ebf-e699-0057-69db92d2f491","tintindex":0},"north":{"uv":[3.9375,2.1875,4.0,2.25],"rotation":0,"texture":"#2fc73ab6-9ebf-e699-0057-69db92d2f491","tintindex":0},"south":{"uv":[3.9375,2.25,4.0,2.3125],"rotation":0,"texture":"#2fc73ab6-9ebf-e699-0057-69db92d2f491","tintindex":0},"up":{"uv":[1.4375,3.75,1.375,3.5],"rotation":0,"texture":"#2fc73ab6-9ebf-e699-0057-69db92d2f491","tintindex":0},"west":{"uv":[6.125,2.9375,6.375,3.0],"rotation":0,"texture":"#2fc73ab6-9ebf-e699-0057-69db92d2f491","tintindex":0}}}],"display":{"head":{"translation":[0.0,-6.4,-10.48845],"rotation":[0.0,0.0,0.0],"scale":[3.8095,3.8095,3.8095]},"gui":{"translation":[0.0,0.0,0.0],"rotation":[35.0,225.0,0.0],"scale":[0.625,0.625,0.625]}}}