{"file_name":"head","texture_size":[128,128],"textures":{"4b59d1fe-1171-1ca0-774e-322fb6f7584a":"modelengine:entity/platypusbear_texture"},"elements":[{"name":"head","from":[2.5399995,3.6950002,3.7400007],"to":[13.46,13.054999,13.7],"rotation":{"angle":0.0,"axis":"x","origin":[8.780001,4.475,6.8599987]},"faces":{"down":{"uv":[9.625,9.625,11.375,11.125],"rotation":0,"texture":"#4b59d1fe-1171-1ca0-774e-322fb6f7584a","tintindex":0},"east":{"uv":[7.25,2.375,8.75,3.875],"rotation":0,"texture":"#4b59d1fe-1171-1ca0-774e-322fb6f7584a","tintindex":0},"north":{"uv":[0.0,9.125,1.75,10.625],"rotation":0,"texture":"#4b59d1fe-1171-1ca0-774e-322fb6f7584a","tintindex":0},"south":{"uv":[3.375,9.125,5.125,10.625],"rotation":0,"texture":"#4b59d1fe-1171-1ca0-774e-322fb6f7584a","tintindex":0},"up":{"uv":[6.875,10.625,5.125,9.125],"rotation":0,"texture":"#4b59d1fe-1171-1ca0-774e-322fb6f7584a","tintindex":0},"west":{"uv":[9.625,8.0,11.125,9.5],"rotation":0,"texture":"#4b59d1fe-1171-1ca0-774e-322fb6f7584a","tintindex":0}}},{"name":"left_ear","from":[0.9799998,11.495001,8.42],"to":[3.3199997,13.834999,9.2],"rotation":{"angle":0.0,"axis":"x","origin":[-0.5800004,6.035,2.9599988]},"faces":{"down":{"uv":[7.75,10.25,8.125,10.375],"rotation":0,"texture":"#4b59d1fe-1171-1ca0-774e-322fb6f7584a","tintindex":0},"east":{"uv":[8.125,9.875,8.25,10.25],"rotation":0,"texture":"#4b59d1fe-1171-1ca0-774e-322fb6f7584a","tintindex":0},"north":{"uv":[2.25,4.5,2.625,4.875],"rotation":0,"texture":"#4b59d1fe-1171-1ca0-774e-322fb6f7584a","tintindex":0},"south":{"uv":[2.25,4.875,2.625,5.25],"rotation":0,"texture":"#4b59d1fe-1171-1ca0-774e-322fb6f7584a","tintindex":0},"up":{"uv":[8.75,4.0,8.375,3.875],"rotation":0,"texture":"#4b59d1fe-1171-1ca0-774e-322fb6f7584a","tintindex":0},"west":{"uv":[11.75,4.5,11.875,4.875],"rotation":0,"texture":"#4b59d1fe-1171-1ca0-774e-322fb6f7584a","tintindex":0}}},{"name":"right_ear","from":[12.68,11.495001,8.42],"to":[15.02,13.834999,9.2],"rotation":{"angle":0.0,"axis":"x","origin":[16.58,6.035,2.9599988]},"faces":{"down":{"uv":[9.25,12.125,9.625,12.25],"rotation":0,"texture":"#4b59d1fe-1171-1ca0-774e-322fb6f7584a","tintindex":0},"east":{"uv":[11.875,4.5,12.0,4.875],"rotation":0,"texture":"#4b59d1fe-1171-1ca0-774e-322fb6f7584a","tintindex":0},"north":{"uv":[9.75,2.0,10.125,2.375],"rotation":0,"texture":"#4b59d1fe-1171-1ca0-774e-322fb6f7584a","tintindex":0},"south":{"uv":[7.75,9.875,8.125,10.25],"rotation":0,"texture":"#4b59d1fe-1171-1ca0-774e-322fb6f7584a","tintindex":0},"up":{"uv":[9.625,12.125,9.25,12.0],"rotation":0,"texture":"#4b59d1fe-1171-1ca0-774e-322fb6f7584a","tintindex":0},"west":{"uv":[9.125,12.0,9.25,12.375],"rotation":0,"texture":"#4b59d1fe-1171-1ca0-774e-322fb6f7584a","tintindex":0}}},{"name":"top_bill_base","from":[5.2699995,6.8149996,-3.4750004],"to":[10.73,8.375,3.7400007],"rotation":{"angle":0.0,"axis":"x","origin":[6.83,4.475,-2.5000005]},"faces":{"down":{"uv":[11.75,1.125,12.625,2.25],"rotation":0,"texture":"#4b59d1fe-1171-1ca0-774e-322fb6f7584a","tintindex":0},"east":{"uv":[4.875,4.625,6.0,4.875],"rotation":0,"texture":"#4b59d1fe-1171-1ca0-774e-322fb6f7584a","tintindex":0},"north":{"uv":[11.375,7.0,12.25,7.25],"rotation":0,"texture":"#4b59d1fe-1171-1ca0-774e-322fb6f7584a","tintindex":0},"south":{"uv":[13.0,5.0,13.875,5.25],"rotation":0,"texture":"#4b59d1fe-1171-1ca0-774e-322fb6f7584a","tintindex":0},"up":{"uv":[12.625,1.125,11.75,0.0],"rotation":0,"texture":"#4b59d1fe-1171-1ca0-774e-322fb6f7584a","tintindex":0},"west":{"uv":[6.0,4.625,7.125,4.875],"rotation":0,"texture":"#4b59d1fe-1171-1ca0-774e-322fb6f7584a","tintindex":0}}},{"name":"top_bill_thing","from":[5.66,8.375,2.5700002],"to":[10.535,9.35,3.7400007],"rotation":{"angle":0.0,"axis":"x","origin":[8.0,9.155,2.9599988]},"faces":{"down":{"uv":[13.25,2.375,14.0,2.5],"rotation":0,"texture":"#4b59d1fe-1171-1ca0-774e-322fb6f7584a","tintindex":0},"east":{"uv":[0.125,13.375,0.25,13.5],"rotation":0,"texture":"#4b59d1fe-1171-1ca0-774e-322fb6f7584a","tintindex":0},"north":{"uv":[13.25,2.0,14.0,2.125],"rotation":0,"texture":"#4b59d1fe-1171-1ca0-774e-322fb6f7584a","tintindex":0},"south":{"uv":[13.25,2.125,14.0,2.25],"rotation":0,"texture":"#4b59d1fe-1171-1ca0-774e-322fb6f7584a","tintindex":0},"up":{"uv":[14.0,2.375,13.25,2.25],"rotation":0,"texture":"#4b59d1fe-1171-1ca0-774e-322fb6f7584a","tintindex":0},"west":{"uv":[0.25,13.375,0.375,13.5],"rotation":0,"texture":"#4b59d1fe-1171-1ca0-774e-322fb6f7584a","tintindex":0}}},{"name":"top_bill_thing","from":[6.245,9.35,2.9599988],"to":[9.755,9.74,3.7400007],"rotation":{"angle":0.0,"axis":"x","origin":[8.389999,9.35,2.9599988]},"faces":{"down":{"uv":[13.25,4.125,13.875,4.25],"rotation":0,"texture":"#4b59d1fe-1171-1ca0-774e-322fb6f7584a","tintindex":0},"east":{"uv":[0.375,13.375,0.5,13.5],"rotation":0,"texture":"#4b59d1fe-1171-1ca0-774e-322fb6f7584a","tintindex":0},"north":{"uv":[13.25,3.75,13.875,3.875],"rotation":0,"texture":"#4b59d1fe-1171-1ca0-774e-322fb6f7584a","tintindex":0},"south":{"uv":[13.25,3.875,13.875,4.0],"rotation":0,"texture":"#4b59d1fe-1171-1ca0-774e-322fb6f7584a","tintindex":0},"up":{"uv":[13.875,4.125,13.25,4.0],"rotation":0,"texture":"#4b59d1fe-1171-1ca0-774e-322fb6f7584a","tintindex":0},"west":{"uv":[0.5,13.375,0.625,13.5],"rotation":0,"texture":"#4b59d1fe-1171-1ca0-774e-322fb6f7584a","tintindex":0}}},{"name":"top_bill_top","from":[6.44,8.375,-1.7200007],"to":[9.56,9.155,2.7650008],"rotation":{"angle":0.0,"axis":"x","origin":[5.66,6.035,-2.5000005]},"faces":{"down":{"uv":[7.75,9.125,8.25,9.875],"rotation":0,"texture":"#4b59d1fe-1171-1ca0-774e-322fb6f7584a","tintindex":0},"east":{"uv":[3.375,9.0,4.125,9.125],"rotation":0,"texture":"#4b59d1fe-1171-1ca0-774e-322fb6f7584a","tintindex":0},"north":{"uv":[8.25,6.375,8.75,6.5],"rotation":0,"texture":"#4b59d1fe-1171-1ca0-774e-322fb6f7584a","tintindex":0},"south":{"uv":[8.25,6.5,8.75,6.625],"rotation":0,"texture":"#4b59d1fe-1171-1ca0-774e-322fb6f7584a","tintindex":0},"up":{"uv":[8.25,7.125,7.75,6.375],"rotation":0,"texture":"#4b59d1fe-1171-1ca0-774e-322fb6f7584a","tintindex":0},"west":{"uv":[10.25,7.875,11.0,8.0],"rotation":0,"texture":"#4b59d1fe-1171-1ca0-774e-322fb6f7584a","tintindex":0}}},{"name":"teeth_top_right","from":[10.262001,6.113,-3.2019992],"to":[10.262001,6.8149996,3.7400007],"rotation":{"angle":0.0,"axis":"x","origin":[6.362,2.9149995,-2.5000005]},"faces":{"down":{"uv":[0.0,0.0,0.0,1.125],"rotation":0,"texture":"#4b59d1fe-1171-1ca0-774e-322fb6f7584a","tintindex":0},"east":{"uv":[13.25,0.25,14.375,0.375],"rotation":0,"texture":"#4b59d1fe-1171-1ca0-774e-322fb6f7584a","tintindex":0},"north":{"uv":[0.0,0.0,0.0,0.125],"rotation":0,"texture":"#4b59d1fe-1171-1ca0-774e-322fb6f7584a","tintindex":0},"south":{"uv":[0.0,0.0,0.0,0.125],"rotation":0,"texture":"#4b59d1fe-1171-1ca0-774e-322fb6f7584a","tintindex":0},"up":{"uv":[0.0,1.125,0.0,0.0],"rotation":0,"texture":"#4b59d1fe-1171-1ca0-774e-322fb6f7584a","tintindex":0},"west":{"uv":[13.25,0.375,14.375,0.5],"rotation":0,"texture":"#4b59d1fe-1171-1ca0-774e-322fb6f7584a","tintindex":0}}},{"name":"teeth_top_left","from":[5.738,6.113,-3.2019992],"to":[5.738,6.8149996,3.7400007],"rotation":{"angle":0.0,"axis":"x","origin":[1.8379995,2.9149995,-2.5000005]},"faces":{"down":{"uv":[0.0,0.0,0.0,1.125],"rotation":0,"texture":"#4b59d1fe-1171-1ca0-774e-322fb6f7584a","tintindex":0},"east":{"uv":[13.25,0.0,14.375,0.125],"rotation":0,"texture":"#4b59d1fe-1171-1ca0-774e-322fb6f7584a","tintindex":0},"north":{"uv":[0.0,0.0,0.0,0.125],"rotation":0,"texture":"#4b59d1fe-1171-1ca0-774e-322fb6f7584a","tintindex":0},"south":{"uv":[0.0,0.0,0.0,0.125],"rotation":0,"texture":"#4b59d1fe-1171-1ca0-774e-322fb6f7584a","tintindex":0},"up":{"uv":[0.0,1.125,0.0,0.0],"rotation":0,"texture":"#4b59d1fe-1171-1ca0-774e-322fb6f7584a","tintindex":0},"west":{"uv":[13.25,0.125,14.375,0.25],"rotation":0,"texture":"#4b59d1fe-1171-1ca0-774e-322fb6f7584a","tintindex":0}}},{"name":"teeth_top_front","from":[5.738,6.113,-3.2019992],"to":[10.262001,6.8149996,-3.2019992],"rotation":{"angle":0.0,