{"file_name":"left_hand","texture_size":[128,128],"textures":{"4b59d1fe-1171-1ca0-774e-322fb6f7584a":"modelengine:entity/platypusbear_texture"},"elements":[{"name":"hand","from":[4.1899996,6.995,3.56],"to":[8.87,8.555,10.658001],"rotation":{"angle":0.0,"axis":"x","origin":[6.5299997,8.555,8.24]},"faces":{"down":{"uv":[9.125,12.5,9.875,13.625],"rotation":0,"texture":"#4b59d1fe-1171-1ca0-774e-322fb6f7584a","tintindex":0},"east":{"uv":[13.0,4.5,14.125,4.75],"rotation":0,"texture":"#4b59d1fe-1171-1ca0-774e-322fb6f7584a","tintindex":0},"north":{"uv":[13.0,9.75,13.75,10.0],"rotation":0,"texture":"#4b59d1fe-1171-1ca0-774e-322fb6f7584a","tintindex":0},"south":{"uv":[13.0,12.125,13.75,12.375],"rotation":0,"texture":"#4b59d1fe-1171-1ca0-774e-322fb6f7584a","tintindex":0},"up":{"uv":[6.125,13.625,5.375,12.5],"rotation":0,"texture":"#4b59d1fe-1171-1ca0-774e-322fb6f7584a","tintindex":0},"west":{"uv":[13.0,4.75,14.125,5.0],"rotation":0,"texture":"#4b59d1fe-1171-1ca0-774e-322fb6f7584a","tintindex":0}}},{"name":"finger3","from":[4.1899996,6.995,1.9999998],"to":[4.97,7.775,3.56],"rotation":{"angle":0.0,"axis":"x","origin":[10.43,3.8749998,0.44000053]},"faces":{"down":{"uv":[12.25,10.25,12.375,10.5],"rotation":0,"texture":"#4b59d1fe-1171-1ca0-774e-322fb6f7584a","tintindex":0},"east":{"uv":[12.25,7.75,12.5,7.875],"rotation":0,"texture":"#4b59d1fe-1171-1ca0-774e-322fb6f7584a","tintindex":0},"north":{"uv":[7.625,12.875,7.75,13.0],"rotation":0,"texture":"#4b59d1fe-1171-1ca0-774e-322fb6f7584a","tintindex":0},"south":{"uv":[11.75,12.875,11.875,13.0],"rotation":0,"texture":"#4b59d1fe-1171-1ca0-774e-322fb6f7584a","tintindex":0},"up":{"uv":[9.625,12.5,9.5,12.25],"rotation":0,"texture":"#4b59d1fe-1171-1ca0-774e-322fb6f7584a","tintindex":0},"west":{"uv":[12.25,10.125,12.5,10.25],"rotation":0,"texture":"#4b59d1fe-1171-1ca0-774e-322fb6f7584a","tintindex":0}}},{"name":"finger4","from":[5.477,6.995,1.9999998],"to":[6.257,7.775,3.56],"rotation":{"angle":0.0,"axis":"x","origin":[11.717,3.8749998,0.44000053]},"faces":{"down":{"uv":[0.875,12.5,1.0,12.75],"rotation":0,"texture":"#4b59d1fe-1171-1ca0-774e-322fb6f7584a","tintindex":0},"east":{"uv":[12.25,10.5,12.5,10.625],"rotation":0,"texture":"#4b59d1fe-1171-1ca0-774e-322fb6f7584a","tintindex":0},"north":{"uv":[11.875,12.875,12.0,13.0],"rotation":0,"texture":"#4b59d1fe-1171-1ca0-774e-322fb6f7584a","tintindex":0},"south":{"uv":[12.0,12.875,12.125,13.0],"rotation":0,"texture":"#4b59d1fe-1171-1ca0-774e-322fb6f7584a","tintindex":0},"up":{"uv":[12.5,10.5,12.375,10.25],"rotation":0,"texture":"#4b59d1fe-1171-1ca0-774e-322fb6f7584a","tintindex":0},"west":{"uv":[3.375,12.375,3.625,12.5],"rotation":0,"texture":"#4b59d1fe-1171-1ca0-774e-322fb6f7584a","tintindex":0}}},{"name":"finger5","from":[6.803,6.995,1.9999998],"to":[7.583,7.775,3.56],"rotation":{"angle":0.0,"axis":"x","origin":[13.042999,3.8749998,0.44000053]},"faces":{"down":{"uv":[3.625,12.5,3.75,12.75],"rotation":0,"texture":"#4b59d1fe-1171-1ca0-774e-322fb6f7584a","tintindex":0},"east":{"uv":[9.125,12.375,9.375,12.5],"rotation":0,"texture":"#4b59d1fe-1171-1ca0-774e-322fb6f7584a","tintindex":0},"north":{"uv":[12.125,12.875,12.25,13.0],"rotation":0,"texture":"#4b59d1fe-1171-1ca0-774e-322fb6f7584a","tintindex":0},"south":{"uv":[4.25,13.0,4.375,13.125],"rotation":0,"texture":"#4b59d1fe-1171-1ca0-774e-322fb6f7584a","tintindex":0},"up":{"uv":[1.125,12.75,1.0,12.5],"rotation":0,"texture":"#4b59d1fe-1171-1ca0-774e-322fb6f7584a","tintindex":0},"west":{"uv":[3.375,12.5,3.625,12.625],"rotation":0,"texture":"#4b59d1fe-1171-1ca0-774e-322fb6f7584a","tintindex":0}}},{"name":"finger6","from":[8.09,6.995,1.9999998],"to":[8.87,7.775,3.56],"rotation":{"angle":0.0,"axis":"x","origin":[14.33,3.8749998,0.44000053]},"faces":{"down":{"uv":[12.5,10.375,12.625,10.625],"rotation":0,"texture":"#4b59d1fe-1171-1ca0-774e-322fb6f7584a","tintindex":0},"east":{"uv":[11.125,12.5,11.375,12.625],"rotation":0,"texture":"#4b59d1fe-1171-1ca0-774e-322fb6f7584a","tintindex":0},"north":{"uv":[4.375,13.0,4.5,13.125],"rotation":0,"texture":"#4b59d1fe-1171-1ca0-774e-322fb6f7584a","tintindex":0},"south":{"uv":[4.5,13.0,4.625,13.125],"rotation":0,"texture":"#4b59d1fe-1171-1ca0-774e-322fb6f7584a","tintindex":0},"up":{"uv":[12.625,10.375,12.5,10.125],"rotation":0,"texture":"#4b59d1fe-1171-1ca0-774e-322fb6f7584a","tintindex":0},"west":{"uv":[12.5,7.75,12.75,7.875],"rotation":0,"texture":"#4b59d1fe-1171-1ca0-774e-322fb6f7584a","tintindex":0}}},{"name":"claw3","from":[4.385,6.995,1.0249996],"to":[4.7749996,7.58,1.9999998],"rotation":{"angle":0.0,"axis":"x","origin":[10.235001,3.8749998,-1.1200008]},"faces":{"down":{"uv":[12.0,13.0,12.125,13.125],"rotation":0,"texture":"#4b59d1fe-1171-1ca0-774e-322fb6f7584a","tintindex":0},"east":{"uv":[7.5,13.0,7.625,13.125],"rotation":0,"texture":"#4b59d1fe-1171-1ca0-774e-322fb6f7584a","tintindex":0},"north":{"uv":[7.375,13.0,7.5,13.125],"rotation":0,"texture":"#4b59d1fe-1171-1ca0-774e-322fb6f7584a","tintindex":0},"south":{"uv":[7.625,13.0,7.75,13.125],"rotation":0,"texture":"#4b59d1fe-1171-1ca0-774e-322fb6f7584a","tintindex":0},"up":{"uv":[12.0,13.125,11.875,13.0],"rotation":0,"texture":"#4b59d1fe-1171-1ca0-774e-322fb6f7584a","tintindex":0},"west":{"uv":[11.75,13.0,11.875,13.125],"rotation":0,"texture":"#4b59d1fe-1171-1ca0-774e-322fb6f7584a","tintindex":0}}},{"name":"claw4","from":[5.672,6.995,1.0249996],"to":[6.0620003,7.58,1.9999998],"rotation":{"angle":0.0,"axis":"x","origin":[11.522,3.8749998,-1.1200008]},"faces":{"down":{"uv":[7.5,13.125,7.625,13.25],"rotation":0,"texture":"#4b59d1fe-1171-1ca0-774e-322fb6f7584a","tintindex":0},"east":{"uv":[4.25,13.125,4.375,13.25],"rotation":0,"texture":"#4b59d1fe-1171-1ca0-774e-322fb6f7584a","tintindex":0},"north":{"uv":[12.125,13.0,12.25,13.125],"rotation":0,"texture":"#4b59d1fe-1171-1ca0-774e-322fb6f7584a","tintindex":0},"south":{"uv":[4.375,13.125,4.5,13.25],"rotation":0,"texture":"#4b59d1fe-1171-1ca0-774e-322fb6f7584a","tintindex":0},"up":{"uv":[7.5,13.25,7.375,13.125],"rotation":0,"texture":"#4b59d1fe-1171-1ca0-774e-322fb6f7584a","tintindex":0},"west":{"uv":[4.5,13.125,4.625,13.25],"rotation":0,"texture":"#4b59d1fe-1171-1ca0-774e-322fb6f7584a","tintindex":0}}},{"name":"claw5","from":[6.998,6.995,1.0249996],"to":[7.3879995,7.58,1.9999998],"rotation":{"angle":0.0,"axis":"x","origin":[12.848001,3.8749998,-1.1200008]},"faces":{"down":{"uv":[12.125,13.125,12.25,13.25],"rotation":0,"texture":"#4b59d1fe-1171-1ca0-774e-322fb6f7584a","tintindex":0},"east":{"uv":[9.0,13.125,9.125,13.25],"rotation":0,"texture":"#4b59d1fe-1171-1ca0-774e-322fb6f7584a","tintindex":0},"north":{"uv":[7.625,13.125,7.75,13.25],"rotation":0,"texture":"#4b59d1fe-1171-1ca0-774e-322fb6f7584a","tintindex":0},"south":{"uv":[11.75,13.125,11.875,13.25],"rotation":0,"texture":"#4b59d1fe-1171-1ca0-774e-322fb6f7584a","tintindex":0},"up":{"uv":[12.125,13.25,12.0,13.125],"rotation":0,"texture":"#4b59d1fe-1171-1ca0-774e-322fb6f7584a","tintindex":0},"west":{"uv":[11.875,13.125,12.0,13.25],"rotation":0,"texture":"#4b59d1fe-1171-1ca0-774e-322fb6f7584a","tintindex":0}}},{"name":"claw6","from":[8.285,6.995,1.0249996],"to":[8.675,7.58,1.9999998],"rotation":{"angle":0.0,"axis":"x","origin":[14.135,3.8749998,-1.1200008]},"faces":{"down":{"uv":[7.625,13.25,7.75,13.375],"rotation":0,"texture":"#4b59d1fe-1171-1ca0-774e-322fb6f7584a","tintindex":0},"east":{"uv":[4.375,13.25,4.5,13.375],"rotation":0,"texture":"#4b59d1fe-1171-1ca0-774e-322fb6f7584a","tintindex":0},"north":{"uv":[4.25,13.25,4.375,13.375],"rotation":0,"texture":"#4b59d1fe-1171-1ca0-774e-322fb6f7584a","tintindex":0},"south":{"uv":[4.5,13.25,4.625,13.375],"rotation":0,"texture":"#4b59d1fe-1171-1ca0-774e-322fb6f7584a","tintindex":0},"up":{"uv":[7.625,13.375,7.5,13.25],"rotation":0,"texture":"#4b59d1fe-1171-1ca0-774e-322fb6f7584a","tintindex":0},"west":{"uv":[7.375,13.25,7.5,13.375],"rotation":0,"texture":"#4b59d1fe-1171-1ca0-774e-322fb6f7584a","tintindex":0}}}],"display":{"head":{"translation":[0.0,-6.4,0.0],"rotation":[0.0,0.0,0.0],