{"file_name":"left_calve","texture_size":[128,128],"textures":{"4b59d1fe-1171-1ca0-774e-322fb6f7584a":"modelengine:entity/platypusbear_texture"},"elements":[{"name":"calve","from":[4.04,3.155,6.6800003],"to":[7.9400005,10.175,12.14],"rotation":{"angle":0.0,"axis":"x","origin":[10.280001,0.8149996,11.360001]},"faces":{"down":{"uv":[12.75,10.125,13.375,11.0],"rotation":0,"texture":"#4b59d1fe-1171-1ca0-774e-322fb6f7584a","tintindex":0},"east":{"uv":[1.125,11.875,2.0,13.0],"rotation":0,"texture":"#4b59d1fe-1171-1ca0-774e-322fb6f7584a","tintindex":0},"north":{"uv":[6.75,12.625,7.375,13.75],"rotation":0,"texture":"#4b59d1fe-1171-1ca0-774e-322fb6f7584a","tintindex":0},"south":{"uv":[12.625,0.0,13.25,1.125],"rotation":0,"texture":"#4b59d1fe-1171-1ca0-774e-322fb6f7584a","tintindex":0},"up":{"uv":[13.375,8.625,12.75,7.75],"rotation":0,"texture":"#4b59d1fe-1171-1ca0-774e-322fb6f7584a","tintindex":0},"west":{"uv":[3.75,11.875,4.625,13.0],"rotation":0,"texture":"#4b59d1fe-1171-1ca0-774e-322fb6f7584a","tintindex":0}}}],"display":{"head":{"translation":[0.0,-6.4,0.0],"rotation":[0.0,0.0,0.0],"scale":[3.8095,3.8095,3.8095]},"gui":{"translation":[0.0,0.0,0.0],"rotation":[35.0,225.0,0.0],"scale":[0.625,0.625,0.625]}}}