{"file_name":"right_hand","texture_size":[128,128],"textures":{"4b59d1fe-1171-1ca0-774e-322fb6f7584a":"modelengine:entity/platypusbear_texture"},"elements":[{"name":"hand","from":[7.13,7.595,4.16],"to":[11.81,9.155001,11.258],"rotation":{"angle":0.0,"axis":"x","origin":[9.469999,9.155001,8.84]},"faces":{"down":{"uv":[12.25,4.5,13.0,5.625],"rotation":0,"texture":"#4b59d1fe-1171-1ca0-774e-322fb6f7584a","tintindex":0},"east":{"uv":[8.25,8.0,9.375,8.25],"rotation":0,"texture":"#4b59d1fe-1171-1ca0-774e-322fb6f7584a","tintindex":0},"north":{"uv":[13.0,9.25,13.75,9.5],"rotation":0,"texture":"#4b59d1fe-1171-1ca0-774e-322fb6f7584a","tintindex":0},"south":{"uv":[13.0,9.5,13.75,9.75],"rotation":0,"texture":"#4b59d1fe-1171-1ca0-774e-322fb6f7584a","tintindex":0},"up":{"uv":[13.0,13.375,12.25,12.25],"rotation":0,"texture":"#4b59d1fe-1171-1ca0-774e-322fb6f7584a","tintindex":0},"west":{"uv":[13.0,13.0,14.125,13.25],"rotation":0,"texture":"#4b59d1fe-1171-1ca0-774e-322fb6f7584a","tintindex":0}}},{"name":"finger2","from":[11.030001,7.595,2.6],"to":[11.81,8.375,4.16],"rotation":{"angle":0.0,"axis":"x","origin":[5.5699997,4.475,1.0400007]},"faces":{"down":{"uv":[11.125,9.25,11.25,9.5],"rotation":0,"texture":"#4b59d1fe-1171-1ca0-774e-322fb6f7584a","tintindex":0},"east":{"uv":[2.0,7.5,2.25,7.625],"rotation":0,"texture":"#4b59d1fe-1171-1ca0-774e-322fb6f7584a","tintindex":0},"north":{"uv":[3.5,12.625,3.625,12.75],"rotation":0,"texture":"#4b59d1fe-1171-1ca0-774e-322fb6f7584a","tintindex":0},"south":{"uv":[7.375,12.625,7.5,12.75],"rotation":0,"texture":"#4b59d1fe-1171-1ca0-774e-322fb6f7584a","tintindex":0},"up":{"uv":[10.25,6.625,10.125,6.375],"rotation":0,"texture":"#4b59d1fe-1171-1ca0-774e-322fb6f7584a","tintindex":0},"west":{"uv":[9.375,8.0,9.625,8.125],"rotation":0,"texture":"#4b59d1fe-1171-1ca0-774e-322fb6f7584a","tintindex":0}}},{"name":"finger3","from":[9.743,7.595,2.6],"to":[10.523001,8.375,4.16],"rotation":{"angle":0.0,"axis":"x","origin":[4.283,4.475,1.0400007]},"faces":{"down":{"uv":[12.0,4.625,12.125,4.875],"rotation":0,"texture":"#4b59d1fe-1171-1ca0-774e-322fb6f7584a","tintindex":0},"east":{"uv":[9.375,8.125,9.625,8.25],"rotation":0,"texture":"#4b59d1fe-1171-1ca0-774e-322fb6f7584a","tintindex":0},"north":{"uv":[7.5,12.625,7.625,12.75],"rotation":0,"texture":"#4b59d1fe-1171-1ca0-774e-322fb6f7584a","tintindex":0},"south":{"uv":[7.625,12.625,7.75,12.75],"rotation":0,"texture":"#4b59d1fe-1171-1ca0-774e-322fb6f7584a","tintindex":0},"up":{"uv":[11.375,9.5,11.25,9.25],"rotation":0,"texture":"#4b59d1fe-1171-1ca0-774e-322fb6f7584a","tintindex":0},"west":{"uv":[12.0,4.5,12.25,4.625],"rotation":0,"texture":"#4b59d1fe-1171-1ca0-774e-322fb6f7584a","tintindex":0}}},{"name":"finger4","from":[8.417,7.595,2.6],"to":[9.1970005,8.375,4.16],"rotation":{"angle":0.0,"axis":"x","origin":[2.957,4.475,1.0400007]},"faces":{"down":{"uv":[0.875,12.25,1.0,12.5],"rotation":0,"texture":"#4b59d1fe-1171-1ca0-774e-322fb6f7584a","tintindex":0},"east":{"uv":[12.0,9.0,12.25,9.125],"rotation":0,"texture":"#4b59d1fe-1171-1ca0-774e-322fb6f7584a","tintindex":0},"north":{"uv":[11.125,12.625,11.25,12.75],"rotation":0,"texture":"#4b59d1fe-1171-1ca0-774e-322fb6f7584a","tintindex":0},"south":{"uv":[11.25,12.625,11.375,12.75],"rotation":0,"texture":"#4b59d1fe-1171-1ca0-774e-322fb6f7584a","tintindex":0},"up":{"uv":[12.25,4.875,12.125,4.625],"rotation":0,"texture":"#4b59d1fe-1171-1ca0-774e-322fb6f7584a","tintindex":0},"west":{"uv":[12.0,9.125,12.25,9.25],"rotation":0,"texture":"#4b59d1fe-1171-1ca0-774e-322fb6f7584a","tintindex":0}}},{"name":"finger5","from":[7.13,7.595,2.6],"to":[7.9100003,8.375,4.16],"rotation":{"angle":0.0,"axis":"x","origin":[1.6699996,4.475,1.0400007]},"faces":{"down":{"uv":[3.625,12.25,3.75,12.5],"rotation":0,"texture":"#4b59d1fe-1171-1ca0-774e-322fb6f7584a","tintindex":0},"east":{"uv":[3.375,12.25,3.625,12.375],"rotation":0,"texture":"#4b59d1fe-1171-1ca0-774e-322fb6f7584a","tintindex":0},"north":{"uv":[12.625,10.125,12.75,10.25],"rotation":0,"texture":"#4b59d1fe-1171-1ca0-774e-322fb6f7584a","tintindex":0},"south":{"uv":[12.625,10.25,12.75,10.375],"rotation":0,"texture":"#4b59d1fe-1171-1ca0-774e-322fb6f7584a","tintindex":0},"up":{"uv":[1.125,12.5,1.0,12.25],"rotation":0,"texture":"#4b59d1fe-1171-1ca0-774e-322fb6f7584a","tintindex":0},"west":{"uv":[9.25,12.25,9.5,12.375],"rotation":0,"texture":"#4b59d1fe-1171-1ca0-774e-322fb6f7584a","tintindex":0}}},{"name":"claw2","from":[11.225,7.595,1.6249998],"to":[11.615,8.18,2.6],"rotation":{"angle":0.0,"axis":"x","origin":[5.765,4.475,-0.5200007]},"faces":{"down":{"uv":[3.5,12.75,3.625,12.875],"rotation":0,"texture":"#4b59d1fe-1171-1ca0-774e-322fb6f7584a","tintindex":0},"east":{"uv":[12.625,10.5,12.75,10.625],"rotation":0,"texture":"#4b59d1fe-1171-1ca0-774e-322fb6f7584a","tintindex":0},"north":{"uv":[12.625,10.375,12.75,10.5],"rotation":0,"texture":"#4b59d1fe-1171-1ca0-774e-322fb6f7584a","tintindex":0},"south":{"uv":[0.875,12.75,1.0,12.875],"rotation":0,"texture":"#4b59d1fe-1171-1ca0-774e-322fb6f7584a","tintindex":0},"up":{"uv":[3.5,12.875,3.375,12.75],"rotation":0,"texture":"#4b59d1fe-1171-1ca0-774e-322fb6f7584a","tintindex":0},"west":{"uv":[1.0,12.75,1.125,12.875],"rotation":0,"texture":"#4b59d1fe-1171-1ca0-774e-322fb6f7584a","tintindex":0}}},{"name":"claw3","from":[9.938,7.595,1.6249998],"to":[10.328,8.18,2.6],"rotation":{"angle":0.0,"axis":"x","origin":[4.4779997,4.475,-0.5200007]},"faces":{"down":{"uv":[11.875,12.75,12.0,12.875],"rotation":0,"texture":"#4b59d1fe-1171-1ca0-774e-322fb6f7584a","tintindex":0},"east":{"uv":[7.375,12.75,7.5,12.875],"rotation":0,"texture":"#4b59d1fe-1171-1ca0-774e-322fb6f7584a","tintindex":0},"north":{"uv":[3.625,12.75,3.75,12.875],"rotation":0,"texture":"#4b59d1fe-1171-1ca0-774e-322fb6f7584a","tintindex":0},"south":{"uv":[7.5,12.75,7.625,12.875],"rotation":0,"texture":"#4b59d1fe-1171-1ca0-774e-322fb6f7584a","tintindex":0},"up":{"uv":[11.875,12.875,11.75,12.75],"rotation":0,"texture":"#4b59d1fe-1171-1ca0-774e-322fb6f7584a","tintindex":0},"west":{"uv":[7.625,12.75,7.75,12.875],"rotation":0,"texture":"#4b59d1fe-1171-1ca0-774e-322fb6f7584a","tintindex":0}}},{"name":"claw4","from":[8.612,7.595,1.6249998],"to":[9.002,8.18,2.6],"rotation":{"angle":0.0,"axis":"x","origin":[3.152,4.475,-0.5200007]},"faces":{"down":{"uv":[0.875,12.875,1.0,13.0],"rotation":0,"texture":"#4b59d1fe-1171-1ca0-774e-322fb6f7584a","tintindex":0},"east":{"uv":[12.125,12.75,12.25,12.875],"rotation":0,"texture":"#4b59d1fe-1171-1ca0-774e-322fb6f7584a","tintindex":0},"north":{"uv":[12.0,12.75,12.125,12.875],"rotation":0,"texture":"#4b59d1fe-1171-1ca0-774e-322fb6f7584a","tintindex":0},"south":{"uv":[12.75,11.0,12.875,11.125],"rotation":0,"texture":"#4b59d1fe-1171-1ca0-774e-322fb6f7584a","tintindex":0},"up":{"uv":[0.875,13.0,0.75,12.875],"rotation":0,"texture":"#4b59d1fe-1171-1ca0-774e-322fb6f7584a","tintindex":0},"west":{"uv":[12.75,11.125,12.875,11.25],"rotation":0,"texture":"#4b59d1fe-1171-1ca0-774e-322fb6f7584a","tintindex":0}}},{"name":"claw5","from":[7.325,7.595,1.6249998],"to":[7.7149997,8.18,2.6],"rotation":{"angle":0.0,"axis":"x","origin":[1.8649995,4.475,-0.5200007]},"faces":{"down":{"uv":[7.5,12.875,7.625,13.0],"rotation":0,"texture":"#4b59d1fe-1171-1ca0-774e-322fb6f7584a","tintindex":0},"east":{"uv":[3.375,12.875,3.5,13.0],"rotation":0,"texture":"#4b59d1fe-1171-1ca0-774e-322fb6f7584a","tintindex":0},"north":{"uv":[1.0,12.875,1.125,13.0],"rotation":0,"texture":"#4b59d1fe-1171-1ca0-774e-322fb6f7584a","tintindex":0},"south":{"uv":[3.5,12.875,3.625,13.0],"rotation":0,"texture":"#4b59d1fe-1171-1ca0-774e-322fb6f7584a","tintindex":0},"up":{"uv":[7.5,13.0,7.375,12.875],"rotation":0,"texture":"#4b59d1fe-1171-1ca0-774e-322fb6f7584a","tintindex":0},"west":{"uv":[3.625,12.875,3.75,13.0],"rotation":0,"texture":"#4b59d1fe-1171-1ca0-774e-322fb6f7584a","tintindex":0}}}],"display":{"head":{"translation":[0.0,-6.4,0.0],"rotation":[0.0,0.0,0.0],"scale":[3.8095,3.8095,3.8095]},"gui":{"translation":[0.0,0.0,0.0],"rotation":[35.0,225.0,0.0],