{"file_name":"right_arm","texture_size":[128,128],"textures":{"4b59d1fe-1171-1ca0-774e-322fb6f7584a":"modelengine:entity/platypusbear_texture"},"elements":[{"name":"bicep","from":[6.6800003,0.7549999,4.9399996],"to":[11.360001,10.895,11.96],"rotation":{"angle":0.0,"axis":"x","origin":[4.34,1.535,8.84]},"faces":{"down":{"uv":[2.625,12.25,3.375,13.375],"rotation":0,"texture":"#4b59d1fe-1171-1ca0-774e-322fb6f7584a","tintindex":0},"east":{"uv":[10.25,5.625,11.375,7.25],"rotation":0,"texture":"#4b59d1fe-1171-1ca0-774e-322fb6f7584a","tintindex":0},"north":{"uv":[8.875,10.375,9.625,12.0],"rotation":0,"texture":"#4b59d1fe-1171-1ca0-774e-322fb6f7584a","tintindex":0},"south":{"uv":[11.0,0.0,11.75,1.625],"rotation":0,"texture":"#4b59d1fe-1171-1ca0-774e-322fb6f7584a","tintindex":0},"up":{"uv":[0.75,13.375,0.0,12.25],"rotation":0,"texture":"#4b59d1fe-1171-1ca0-774e-322fb6f7584a","tintindex":0},"west":{"uv":[7.75,10.375,8.875,12.0],"rotation":0,"texture":"#4b59d1fe-1171-1ca0-774e-322fb6f7584a","tintindex":0}}}],"display":{"head":{"translation":[0.0,-6.4,0.0],"rotation":[0.0,0.0,0.0],"scale":[3.8095,3.8095,3.8095]},"gui":{"translation":[0.0,0.0,0.0],"rotation":[35.0,225.0,0.0],"scale":[0.625,0.625,0.625]}}}