{"file_name":"right_calve","texture_size":[128,128],"textures":{"4b59d1fe-1171-1ca0-774e-322fb6f7584a":"modelengine:entity/platypusbear_texture"},"elements":[{"name":"calve","from":[8.059999,3.155,6.6800003],"to":[11.96,10.175,12.14],"rotation":{"angle":0.0,"axis":"x","origin":[5.72,0.8149996,11.360001]},"faces":{"down":{"uv":[12.25,11.25,12.875,12.125],"rotation":0,"texture":"#4b59d1fe-1171-1ca0-774e-322fb6f7584a","tintindex":0},"east":{"uv":[11.75,2.25,12.625,3.375],"rotation":0,"texture":"#4b59d1fe-1171-1ca0-774e-322fb6f7584a","tintindex":0},"north":{"uv":[10.5,12.5,11.125,13.625],"rotation":0,"texture":"#4b59d1fe-1171-1ca0-774e-322fb6f7584a","tintindex":0},"south":{"uv":[6.125,12.625,6.75,13.75],"rotation":0,"texture":"#4b59d1fe-1171-1ca0-774e-322fb6f7584a","tintindex":0},"up":{"uv":[3.25,10.625,2.625,9.75],"rotation":0,"texture":"#4b59d1fe-1171-1ca0-774e-322fb6f7584a","tintindex":0},"west":{"uv":[11.75,3.375,12.625,4.5],"rotation":0,"texture":"#4b59d1fe-1171-1ca0-774e-322fb6f7584a","tintindex":0}}}],"display":{"head":{"translation":[0.0,-6.4,0.0],"rotation":[0.0,0.0,0.0],"scale":[3.8095,3.8095,3.8095]},"gui":{"translation":[0.0,0.0,0.0],"rotation":[35.0,225.0,0.0],"scale":[0.625,0.625,0.625]}}}