{"file_name":"tail","texture_size":[128,128],"textures":{"4b59d1fe-1171-1ca0-774e-322fb6f7584a":"modelengine:entity/platypusbear_texture"},"elements":[{"name":"tail_base","from":[1.76,4.6549993,7.9400005],"to":[14.24,8.554999,16.52],"rotation":{"angle":0.0,"axis":"x","origin":[8.0,-5.4850016,14.959999]},"faces":{"down":{"uv":[8.875,0.0,10.875,1.375],"rotation":0,"texture":"#4b59d1fe-1171-1ca0-774e-322fb6f7584a","tintindex":0},"east":{"uv":[11.375,10.625,12.75,11.25],"rotation":0,"texture":"#4b59d1fe-1171-1ca0-774e-322fb6f7584a","tintindex":0},"north":{"uv":[4.875,4.0,6.875,4.625],"rotation":0,"texture":"#4b59d1fe-1171-1ca0-774e-322fb6f7584a","tintindex":0},"south":{"uv":[10.25,7.25,12.25,7.875],"rotation":0,"texture":"#4b59d1fe-1171-1ca0-774e-322fb6f7584a","tintindex":0},"up":{"uv":[10.25,8.0,8.25,6.625],"rotation":0,"texture":"#4b59d1fe-1171-1ca0-774e-322fb6f7584a","tintindex":0},"west":{"uv":[4.625,11.875,6.0,12.5],"rotation":0,"texture":"#4b59d1fe-1171-1ca0-774e-322fb6f7584a","tintindex":0}}}],"display":{"head":{"translation":[0.0,-6.4,0.0],"rotation":[0.0,0.0,0.0],"scale":[3.8095,3.8095,3.8095]},"gui":{"translation":[0.0,0.0,0.0],"rotation":[35.0,225.0,0.0],"scale":[0.625,0.625,0.625]}}}