{"file_name":"chest","texture_size":[128,128],"textures":{"270e2b9f-445f-6991-bdcb-ba690a45089a":"modelengine:entity/lemur"},"elements":[{"name":"chest","from":[7.0699997,7.144732,6.7575703],"to":[8.93,9.844732,8.55757],"rotation":{"angle":0.0,"axis":"x","origin":[8.27,8.400759,7.890939]},"faces":{"down":{"uv":[1.75,0.0,2.75,0.75],"rotation":0,"texture":"#270e2b9f-445f-6991-bdcb-ba690a45089a","tintindex":0},"east":{"uv":[0.0,0.75,0.75,1.875],"rotation":0,"texture":"#270e2b9f-445f-6991-bdcb-ba690a45089a","tintindex":0},"north":{"uv":[0.75,0.75,1.75,1.875],"rotation":0,"texture":"#270e2b9f-445f-6991-bdcb-ba690a45089a","tintindex":0},"south":{"uv":[2.5,0.75,3.5,1.875],"rotation":0,"texture":"#270e2b9f-445f-6991-bdcb-ba690a45089a","tintindex":0},"up":{"uv":[1.75,0.75,0.75,0.0],"rotation":0,"texture":"#270e2b9f-445f-6991-bdcb-ba690a45089a","tintindex":0},"west":{"uv":[1.75,0.75,2.5,1.875],"rotation":0,"texture":"#270e2b9f-445f-6991-bdcb-ba690a45089a","tintindex":0}}}],"display":{"head":{"translation":[0.0,-6.4,0.0],"rotation":[0.0,0.0,0.0],"scale":[3.8095,3.8095,3.8095]},"gui":{"translation":[0.0,0.0,0.0],"rotation":[35.0,225.0,0.0],"scale":[0.625,0.625,0.625]}}}