{"file_name":"head","texture_size":[128,128],"textures":{"270e2b9f-445f-6991-bdcb-ba690a45089a":"modelengine:entity/lemur"},"elements":[{"name":"face","from":[7.1,7.7496705,6.774991],"to":[8.9,9.549671,8.874991],"rotation":{"angle":22.5,"axis":"x","origin":[8.030001,7.4395995,8.499216]},"faces":{"down":{"uv":[6.25,4.625,7.0,5.5],"rotation":0,"texture":"#270e2b9f-445f-6991-bdcb-ba690a45089a","tintindex":0},"east":{"uv":[4.625,5.5,5.5,6.25],"rotation":0,"texture":"#270e2b9f-445f-6991-bdcb-ba690a45089a","tintindex":0},"north":{"uv":[5.5,5.5,6.25,6.25],"rotation":0,"texture":"#270e2b9f-445f-6991-bdcb-ba690a45089a","tintindex":0},"south":{"uv":[7.125,5.5,7.875,6.25],"rotation":0,"texture":"#270e2b9f-445f-6991-bdcb-ba690a45089a","tintindex":0},"up":{"uv":[6.25,5.5,5.5,4.625],"rotation":0,"texture":"#270e2b9f-445f-6991-bdcb-ba690a45089a","tintindex":0},"west":{"uv":[6.25,5.5,7.125,6.25],"rotation":0,"texture":"#270e2b9f-445f-6991-bdcb-ba690a45089a","tintindex":0}}},{"name":"nose","from":[7.7,8.049671,6.2649913],"to":[8.3,8.649671,6.864991],"rotation":{"angle":22.5,"axis":"x","origin":[8.030001,7.4395995,8.499216]},"faces":{"down":{"uv":[2.0,5.0,2.25,5.25],"rotation":0,"texture":"#270e2b9f-445f-6991-bdcb-ba690a45089a","tintindex":0},"east":{"uv":[1.5,5.25,1.75,5.5],"rotation":0,"texture":"#270e2b9f-445f-6991-bdcb-ba690a45089a","tintindex":0},"north":{"uv":[1.75,5.25,2.0,5.5],"rotation":0,"texture":"#270e2b9f-445f-6991-bdcb-ba690a45089a","tintindex":0},"south":{"uv":[2.25,5.25,2.5,5.5],"rotation":0,"texture":"#270e2b9f-445f-6991-bdcb-ba690a45089a","tintindex":0},"up":{"uv":[2.0,5.25,1.75,5.0],"rotation":0,"texture":"#270e2b9f-445f-6991-bdcb-ba690a45089a","tintindex":0},"west":{"uv":[2.0,5.25,2.25,5.5],"rotation":0,"texture":"#270e2b9f-445f-6991-bdcb-ba690a45089a","tintindex":0}}},{"name":"cube","from":[7.85,8.625793,6.4698296],"to":[8.15,8.925794,6.7698298],"rotation":{"angle":22.5,"axis":"x","origin":[7.85,8.127895,8.078375]},"faces":{"down":{"uv":[0.5,0.0,0.375,0.125],"rotation":0,"texture":"#270e2b9f-445f-6991-bdcb-ba690a45089a","tintindex":0},"east":{"uv":[0.0,0.125,0.125,0.25],"rotation":0,"texture":"#270e2b9f-445f-6991-bdcb-ba690a45089a","tintindex":0},"north":{"uv":[0.125,0.125,0.25,0.25],"rotation":0,"texture":"#270e2b9f-445f-6991-bdcb-ba690a45089a","tintindex":0},"south":{"uv":[0.375,0.125,0.5,0.25],"rotation":0,"texture":"#270e2b9f-445f-6991-bdcb-ba690a45089a","tintindex":0},"up":{"uv":[0.25,0.125,0.375,0.25],"rotation":0,"texture":"#270e2b9f-445f-6991-bdcb-ba690a45089a","tintindex":0},"west":{"uv":[0.25,0.125,0.375,0.25],"rotation":0,"texture":"#270e2b9f-445f-6991-bdcb-ba690a45089a","tintindex":0}}}],"display":{"head":{"translation":[0.0,-6.4,0.0],"rotation":[0.0,0.0,0.0],"scale":[3.8095,3.8095,3.8095]},"gui":{"translation":[0.0,0.0,0.0],"rotation":[35.0,225.0,0.0],"scale":[0.625,0.625,0.625]}}}