{"file_name":"left_ear","texture_size":[128,128],"textures":{"270e2b9f-445f-6991-bdcb-ba690a45089a":"modelengine:entity/lemur"},"elements":[{"name":"ear_tip","from":[7.546782,7.562848,6.4317284],"to":[8.146782,9.662848,7.9317284],"rotation":{"angle":22.5,"axis":"x","origin":[8.894882,6.0792227,7.881038]},"faces":{"down":{"uv":[6.375,0.0,6.625,0.625],"rotation":0,"texture":"#270e2b9f-445f-6991-bdcb-ba690a45089a","tintindex":0},"east":{"uv":[5.5,0.625,6.125,1.5],"rotation":0,"texture":"#270e2b9f-445f-6991-bdcb-ba690a45089a","tintindex":0},"north":{"uv":[6.125,0.625,6.375,1.5],"rotation":0,"texture":"#270e2b9f-445f-6991-bdcb-ba690a45089a","tintindex":0},"south":{"uv":[7.0,0.625,7.25,1.5],"rotation":0,"texture":"#270e2b9f-445f-6991-bdcb-ba690a45089a","tintindex":0},"up":{"uv":[6.375,0.625,6.125,0.0],"rotation":0,"texture":"#270e2b9f-445f-6991-bdcb-ba690a45089a","tintindex":0},"west":{"uv":[6.375,0.625,7.0,1.5],"rotation":0,"texture":"#270e2b9f-445f-6991-bdcb-ba690a45089a","tintindex":0}}},{"name":"ear_base","from":[7.546782,9.662826,6.7291107],"to":[8.146782,10.862825,7.6291103],"rotation":{"angle":22.5,"axis":"x","origin":[8.894882,6.0792227,7.881038]},"faces":{"down":{"uv":[7.0,3.625,7.25,4.0],"rotation":0,"texture":"#270e2b9f-445f-6991-bdcb-ba690a45089a","tintindex":0},"east":{"uv":[6.375,4.0,6.75,4.5],"rotation":0,"texture":"#270e2b9f-445f-6991-bdcb-ba690a45089a","tintindex":0},"north":{"uv":[6.75,4.0,7.0,4.5],"rotation":0,"texture":"#270e2b9f-445f-6991-bdcb-ba690a45089a","tintindex":0},"south":{"uv":[7.375,4.0,7.625,4.5],"rotation":0,"texture":"#270e2b9f-445f-6991-bdcb-ba690a45089a","tintindex":0},"up":{"uv":[7.0,4.0,6.75,3.625],"rotation":0,"texture":"#270e2b9f-445f-6991-bdcb-ba690a45089a","tintindex":0},"west":{"uv":[7.0,4.0,7.375,4.5],"rotation":0,"texture":"#270e2b9f-445f-6991-bdcb-ba690a45089a","tintindex":0}}}],"display":{"head":{"translation":[0.0,-6.4,0.0],"rotation":[0.0,0.0,0.0],"scale":[3.8095,3.8095,3.8095]},"gui":{"translation":[0.0,0.0,0.0],"rotation":[35.0,225.0,0.0],"scale":[0.625,0.625,0.625]}}}