{"file_name":"left_wing","texture_size":[128,128],"textures":{"270e2b9f-445f-6991-bdcb-ba690a45089a":"modelengine:entity/lemur"},"elements":[{"name":"middle_finger","from":[8.209255,6.225464,6.4029236],"to":[8.329256,8.805464,6.522924],"rotation":{"angle":0.0,"axis":"x","origin":[8.128963,8.304775,6.6946306]},"faces":{"down":{"uv":[3.75,7.375,3.875,7.5],"rotation":0,"texture":"#270e2b9f-445f-6991-bdcb-ba690a45089a","tintindex":0},"east":{"uv":[3.5,7.5,3.625,8.5],"rotation":0,"texture":"#270e2b9f-445f-6991-bdcb-ba690a45089a","tintindex":0},"north":{"uv":[3.625,7.5,3.75,8.5],"rotation":0,"texture":"#270e2b9f-445f-6991-bdcb-ba690a45089a","tintindex":0},"south":{"uv":[3.875,7.5,4.0,8.5],"rotation":0,"texture":"#270e2b9f-445f-6991-bdcb-ba690a45089a","tintindex":0},"up":{"uv":[3.75,7.5,3.625,7.375],"rotation":0,"texture":"#270e2b9f-445f-6991-bdcb-ba690a45089a","tintindex":0},"west":{"uv":[3.75,7.5,3.875,8.5],"rotation":0,"texture":"#270e2b9f-445f-6991-bdcb-ba690a45089a","tintindex":0}}},{"name":"inner_finger","from":[8.201416,6.838747,7.3413],"to":[8.321416,9.058746,7.4613],"rotation":{"angle":-45.0,"axis":"x","origin":[8.10227,7.5687895,7.6752644]},"faces":{"down":{"uv":[3.25,7.375,3.375,7.5],"rotation":0,"texture":"#270e2b9f-445f-6991-bdcb-ba690a45089a","tintindex":0},"east":{"uv":[3.0,7.5,3.125,8.5],"rotation":0,"texture":"#270e2b9f-445f-6991-bdcb-ba690a45089a","tintindex":0},"north":{"uv":[3.125,7.5,3.25,8.5],"rotation":0,"texture":"#270e2b9f-445f-6991-bdcb-ba690a45089a","tintindex":0},"south":{"uv":[3.375,7.5,3.5,8.5],"rotation":0,"texture":"#270e2b9f-445f-6991-bdcb-ba690a45089a","tintindex":0},"up":{"uv":[3.25,7.5,3.125,7.375],"rotation":0,"texture":"#270e2b9f-445f-6991-bdcb-ba690a45089a","tintindex":0},"west":{"uv":[3.25,7.5,3.375,8.5],"rotation":0,"texture":"#270e2b9f-445f-6991-bdcb-ba690a45089a","tintindex":0}}},{"name":"outter_finger","from":[8.196014,6.5380692,5.6441383],"to":[8.316015,8.698069,5.764138],"rotation":{"angle":45.0,"axis":"x","origin":[8.10227,7.5855846,6.210102]},"faces":{"down":{"uv":[3.25,7.375,3.375,7.5],"rotation":0,"texture":"#270e2b9f-445f-6991-bdcb-ba690a45089a","tintindex":0},"east":{"uv":[3.0,7.5,3.125,8.5],"rotation":0,"texture":"#270e2b9f-445f-6991-bdcb-ba690a45089a","tintindex":0},"north":{"uv":[3.125,7.5,3.25,8.5],"rotation":0,"texture":"#270e2b9f-445f-6991-bdcb-ba690a45089a","tintindex":0},"south":{"uv":[3.375,7.5,3.5,8.5],"rotation":0,"texture":"#270e2b9f-445f-6991-bdcb-ba690a45089a","tintindex":0},"up":{"uv":[3.25,7.5,3.125,7.375],"rotation":0,"texture":"#270e2b9f-445f-6991-bdcb-ba690a45089a","tintindex":0},"west":{"uv":[3.25,7.5,3.375,8.5],"rotation":0,"texture":"#270e2b9f-445f-6991-bdcb-ba690a45089a","tintindex":0}}},{"name":"little_inner_finger","from":[8.201416,6.4812756,7.920187],"to":[8.321416,6.9012756,8.040187],"rotation":{"angle":0.0,"axis":"z","origin":[8.173908,9.636179,10.764993]},"faces":{"down":{"uv":[3.25,7.375,3.375,7.5],"rotation":0,"texture":"#270e2b9f-445f-6991-bdcb-ba690a45089a","tintindex":0},"east":{"uv":[3.0,7.5,3.125,7.875],"rotation":0,"texture":"#270e2b9f-445f-6991-bdcb-ba690a45089a","tintindex":0},"north":{"uv":[3.125,7.5,3.25,7.875],"rotation":0,"texture":"#270e2b9f-445f-6991-bdcb-ba690a45089a","tintindex":0},"south":{"uv":[3.375,7.5,3.5,7.875],"rotation":0,"texture":"#270e2b9f-445f-6991-bdcb-ba690a45089a","tintindex":0},"up":{"uv":[3.25,7.5,3.125,7.375],"rotation":0,"texture":"#270e2b9f-445f-6991-bdcb-ba690a45089a","tintindex":0},"west":{"uv":[3.25,7.5,3.375,7.875],"rotation":0,"texture":"#270e2b9f-445f-6991-bdcb-ba690a45089a","tintindex":0}}},{"name":"webbing","from":[8.192634,6.1315336,5.020274],"to":[8.192634,9.131535,11.620275],"rotation":{"angle":0.0,"axis":"z","origin":[7.9605494,8.754469,8.08713]},"faces":{"down":{"uv":[2.75,1.125,2.75,3.875],"rotation":0,"texture":"#270e2b9f-445f-6991-bdcb-ba690a45089a","tintindex":0},"east":{"uv":[5.5,3.875,2.75,5.0],"rotation":0,"texture":"#270e2b9f-445f-6991-bdcb-ba690a45089a","tintindex":0},"north":{"uv":[2.75,3.875,2.75,5.0],"rotation":0,"texture":"#270e2b9f-445f-6991-bdcb-ba690a45089a","tintindex":0},"south":{"uv":[5.5,3.875,5.5,5.0],"rotation":0,"texture":"#270e2b9f-445f-6991-bdcb-ba690a45089a","tintindex":0},"up":{"uv":[2.75,3.875,2.75,1.125],"rotation":0,"texture":"#270e2b9f-445f-6991-bdcb-ba690a45089a","tintindex":0},"west":{"uv":[2.75,3.875,0.0,5.0],"rotation":0,"texture":"#270e2b9f-445f-6991-bdcb-ba690a45089a","tintindex":0}}}],"display":{"head":{"translation":[0.0,-6.4,0.0],"rotation":[0.0,0.0,0.0],"scale":[3.8095,3.8095,3.8095]},"gui":{"translation":[0.0,0.0,0.0],"rotation":[35.0,225.0,0.0],"scale":[0.625,0.625,0.625]}}}