{"file_name":"right_bicep","texture_size":[128,128],"textures":{"270e2b9f-445f-6991-bdcb-ba690a45089a":"modelengine:entity/lemur"},"elements":[{"name":"bicep","from":[7.590986,6.108884,8.558791],"to":[8.190986,8.208884,9.458792],"rotation":{"angle":45.0,"axis":"x","origin":[7.9197745,9.079046,8.955965]},"faces":{"down":{"uv":[4.625,5.875,4.375,6.25],"rotation":0,"texture":"#270e2b9f-445f-6991-bdcb-ba690a45089a","tintindex":0},"east":{"uv":[4.75,6.25,4.375,7.25],"rotation":0,"texture":"#270e2b9f-445f-6991-bdcb-ba690a45089a","tintindex":0},"north":{"uv":[4.375,6.25,4.125,7.25],"rotation":0,"texture":"#270e2b9f-445f-6991-bdcb-ba690a45089a","tintindex":0},"south":{"uv":[5.0,6.25,4.75,7.25],"rotation":0,"texture":"#270e2b9f-445f-6991-bdcb-ba690a45089a","tintindex":0},"up":{"uv":[4.125,6.25,4.375,5.875],"rotation":0,"texture":"#270e2b9f-445f-6991-bdcb-ba690a45089a","tintindex":0},"west":{"uv":[4.125,6.25,3.75,7.25],"rotation":0,"texture":"#270e2b9f-445f-6991-bdcb-ba690a45089a","tintindex":0}}}],"display":{"head":{"translation":[0.0,-6.4,0.0],"rotation":[0.0,0.0,0.0],"scale":[3.8095,3.8095,3.8095]},"gui":{"translation":[0.0,0.0,0.0],"rotation":[35.0,225.0,0.0],"scale":[0.625,0.625,0.625]}}}