{"file_name":"tail5","texture_size":[128,128],"textures":{"270e2b9f-445f-6991-bdcb-ba690a45089a":"modelengine:entity/lemur"},"elements":[{"name":"tail5","from":[7.85,7.698631,7.989638],"to":[8.15,7.9986305,9.189638],"rotation":{"angle":0.0,"axis":"x","origin":[7.85,8.888441,7.3942194]},"faces":{"down":{"uv":[4.875,0.375,5.0,0.875],"rotation":0,"texture":"#270e2b9f-445f-6991-bdcb-ba690a45089a","tintindex":0},"east":{"uv":[4.25,0.875,4.75,1.0],"rotation":0,"texture":"#270e2b9f-445f-6991-bdcb-ba690a45089a","tintindex":0},"north":{"uv":[4.75,0.875,4.875,1.0],"rotation":0,"texture":"#270e2b9f-445f-6991-bdcb-ba690a45089a","tintindex":0},"south":{"uv":[5.375,0.875,5.5,1.0],"rotation":0,"texture":"#270e2b9f-445f-6991-bdcb-ba690a45089a","tintindex":0},"up":{"uv":[4.875,0.875,4.75,0.375],"rotation":0,"texture":"#270e2b9f-445f-6991-bdcb-ba690a45089a","tintindex":0},"west":{"uv":[4.875,0.875,5.375,1.0],"rotation":0,"texture":"#270e2b9f-445f-6991-bdcb-ba690a45089a","tintindex":0}}}],"display":{"head":{"translation":[0.0,-6.4,0.0],"rotation":[0.0,0.0,0.0],"scale":[3.8095,3.8095,3.8095]},"gui":{"translation":[0.0,0.0,0.0],"rotation":[35.0,225.0,0.0],"scale":[0.625,0.625,0.625]}}}