{"file_name":"tail3","texture_size":[128,128],"textures":{"270e2b9f-445f-6991-bdcb-ba690a45089a":"modelengine:entity/lemur"},"elements":[{"name":"tail3","from":[7.85,7.698631,7.989638],"to":[8.15,7.9986305,9.189637],"rotation":{"angle":0.0,"axis":"x","origin":[7.85,8.888441,7.3942194]},"faces":{"down":{"uv":[6.125,4.0,6.25,4.5],"rotation":0,"texture":"#270e2b9f-445f-6991-bdcb-ba690a45089a","tintindex":0},"east":{"uv":[5.5,4.5,6.0,4.625],"rotation":0,"texture":"#270e2b9f-445f-6991-bdcb-ba690a45089a","tintindex":0},"north":{"uv":[6.0,4.5,6.125,4.625],"rotation":0,"texture":"#270e2b9f-445f-6991-bdcb-ba690a45089a","tintindex":0},"south":{"uv":[6.625,4.5,6.75,4.625],"rotation":0,"texture":"#270e2b9f-445f-6991-bdcb-ba690a45089a","tintindex":0},"up":{"uv":[6.125,4.5,6.0,4.0],"rotation":0,"texture":"#270e2b9f-445f-6991-bdcb-ba690a45089a","tintindex":0},"west":{"uv":[6.125,4.5,6.625,4.625],"rotation":0,"texture":"#270e2b9f-445f-6991-bdcb-ba690a45089a","tintindex":0}}}],"display":{"head":{"translation":[0.0,-6.4,0.0],"rotation":[0.0,0.0,0.0],"scale":[3.8095,3.8095,3.8095]},"gui":{"translation":[0.0,0.0,0.0],"rotation":[35.0,225.0,0.0],"scale":[0.625,0.625,0.625]}}}