{"file_name":"body3","texture_size":[1024,1024],"textures":{"949122d8-f0ab-cf78-5026-e22885b868b0":"modelengine:entity/unagitexture"},"elements":[{"name":"body","from":[-2.2857146,-2.2857146,-16.0],"to":[18.285713,18.285713,32.0],"rotation":{"angle":0.0,"axis":"x","origin":[8.0,-2.2857146,-12.571428]},"faces":{"down":{"uv":[3.0,3.75,3.75,5.5],"rotation":0,"texture":"#949122d8-f0ab-cf78-5026-e22885b868b0","tintindex":0},"east":{"uv":[2.5,0.0,4.25,0.75],"rotation":0,"texture":"#949122d8-f0ab-cf78-5026-e22885b868b0","tintindex":0},"north":{"uv":[4.421875,6.25,5.171875,7.0],"rotation":0,"texture":"#949122d8-f0ab-cf78-5026-e22885b868b0","tintindex":0},"south":{"uv":[6.25,3.75,7.0,4.5],"rotation":0,"texture":"#949122d8-f0ab-cf78-5026-e22885b868b0","tintindex":0},"up":{"uv":[0.75,5.25,0.0,3.5],"rotation":0,"texture":"#949122d8-f0ab-cf78-5026-e22885b868b0","tintindex":0},"west":{"uv":[3.0,3.0,4.75,3.75],"rotation":0,"texture":"#949122d8-f0ab-cf78-5026-e22885b868b0","tintindex":0}}}],"display":{"head":{"translation":[0.0,-6.4,89.6],"rotation":[0.0,0.0,0.0],"scale":[3.7333333,3.7333333,3.7333333]},"gui":{"translation":[0.0,0.0,0.0],"rotation":[35.0,225.0,0.0],"scale":[0.625,0.625,0.625]}}}