{"file_name":"head","texture_size":[1024,1024],"textures":{"949122d8-f0ab-cf78-5026-e22885b868b0":"modelengine:entity/unagitexture"},"elements":[{"name":"head","from":[-2.2857146,2.8571434,-15.999998],"to":[18.285713,18.285715,32.0],"rotation":{"angle":0.0,"axis":"x","origin":[1.1428568,-2.2857132,-12.571426]},"faces":{"down":{"uv":[0.75,0.75,1.5,2.5],"rotation":0,"texture":"#949122d8-f0ab-cf78-5026-e22885b868b0","tintindex":0},"east":{"uv":[5.25,4.5,7.0,5.0625],"rotation":0,"texture":"#949122d8-f0ab-cf78-5026-e22885b868b0","tintindex":0},"north":{"uv":[6.75,6.0625,7.5,6.625],"rotation":0,"texture":"#949122d8-f0ab-cf78-5026-e22885b868b0","tintindex":0},"south":{"uv":[0.0,7.0,0.75,7.5625],"rotation":0,"texture":"#949122d8-f0ab-cf78-5026-e22885b868b0","tintindex":0},"up":{"uv":[0.75,1.75,0.0,0.0],"rotation":0,"texture":"#949122d8-f0ab-cf78-5026-e22885b868b0","tintindex":0},"west":{"uv":[5.75,2.25,7.5,2.8125],"rotation":0,"texture":"#949122d8-f0ab-cf78-5026-e22885b868b0","tintindex":0}}},{"name":"head","from":[-2.2857146,2.8571434,-15.999998],"to":[18.285713,18.285715,32.0],"rotation":{"angle":0.0,"axis":"x","origin":[1.1428568,-2.2857132,-12.571426]},"faces":{"down":{"uv":[0.75,0.75,1.5,2.5],"rotation":0,"texture":"#949122d8-f0ab-cf78-5026-e22885b868b0","tintindex":0},"east":{"uv":[5.25,4.5,7.0,5.0625],"rotation":0,"texture":"#949122d8-f0ab-cf78-5026-e22885b868b0","tintindex":0},"north":{"uv":[6.75,6.0625,7.5,6.625],"rotation":0,"texture":"#949122d8-f0ab-cf78-5026-e22885b868b0","tintindex":0},"south":{"uv":[0.0,7.0,0.75,7.5625],"rotation":0,"texture":"#949122d8-f0ab-cf78-5026-e22885b868b0","tintindex":0},"up":{"uv":[0.75,1.75,0.0,0.0],"rotation":0,"texture":"#949122d8-f0ab-cf78-5026-e22885b868b0","tintindex":0},"west":{"uv":[5.75,2.25,7.5,2.8125],"rotation":0,"texture":"#949122d8-f0ab-cf78-5026-e22885b868b0","tintindex":0}}},{"name":"head","from":[6.285714,18.285715,4.1428585],"to":[9.714285,32.0,32.0],"rotation":{"angle":0.0,"axis":"x","origin":[7.5714283,18.285715,-12.571426]},"faces":{"down":{"uv":[4.546875,7.0,4.671875,8.015625],"rotation":0,"texture":"#949122d8-f0ab-cf78-5026-e22885b868b0","tintindex":0},"east":{"uv":[6.75,5.0625,7.765625,5.5625],"rotation":0,"texture":"#949122d8-f0ab-cf78-5026-e22885b868b0","tintindex":0},"north":{"uv":[4.671875,7.0,4.796875,7.5],"rotation":0,"texture":"#949122d8-f0ab-cf78-5026-e22885b868b0","tintindex":0},"south":{"uv":[4.796875,7.0,4.921875,7.5],"rotation":0,"texture":"#949122d8-f0ab-cf78-5026-e22885b868b0","tintindex":0},"up":{"uv":[4.546875,8.015625,4.421875,7.0],"rotation":0,"texture":"#949122d8-f0ab-cf78-5026-e22885b868b0","tintindex":0},"west":{"uv":[6.75,5.5625,7.765625,6.0625],"rotation":0,"texture":"#949122d8-f0ab-cf78-5026-e22885b868b0","tintindex":0}}}],"display":{"head":{"translation":[0.0,31.999998,76.799995],"rotation":[0.0,0.0,0.0],"scale":[3.7333333,3.7333333,3.7333333]},"gui":{"translation":[0.0,0.0,0.0],"rotation":[35.0,225.0,0.0],"scale":[0.625,0.625,0.625]}}}