{"file_name":"jaw","texture_size":[1024,1024],"textures":{"949122d8-f0ab-cf78-5026-e22885b868b0":"modelengine:entity/unagitexture"},"elements":[{"name":"jaw","from":[7.880952,2.8571424,-16.0],"to":[26.309523,8.0,29.428574],"rotation":{"angle":0.0,"axis":"x","origin":[10.023809,-12.571428,-15.142853]},"faces":{"down":{"uv":[1.5,5.75,2.171875,7.40625],"rotation":0,"texture":"#949122d8-f0ab-cf78-5026-e22885b868b0","tintindex":0},"east":{"uv":[6.5,3.5625,8.15625,3.75],"rotation":0,"texture":"#949122d8-f0ab-cf78-5026-e22885b868b0","tintindex":0},"north":{"uv":[5.25,5.0625,5.921875,5.25],"rotation":0,"texture":"#949122d8-f0ab-cf78-5026-e22885b868b0","tintindex":0},"south":{"uv":[5.75,2.8125,6.421875,3.0],"rotation":0,"texture":"#949122d8-f0ab-cf78-5026-e22885b868b0","tintindex":0},"up":{"uv":[4.421875,7.15625,3.75,5.5],"rotation":0,"texture":"#949122d8-f0ab-cf78-5026-e22885b868b0","tintindex":0},"west":{"uv":[7.0,3.75,8.65625,3.9375],"rotation":0,"texture":"#949122d8-f0ab-cf78-5026-e22885b868b0","tintindex":0}}}],"display":{"head":{"translation":[0.0,-6.4,-80.00001],"rotation":[0.0,0.0,0.0],"scale":[3.7333333,3.7333333,3.7333333]},"gui":{"translation":[0.0,0.0,0.0],"rotation":[35.0,225.0,0.0],"scale":[0.625,0.625,0.625]}}}