{"file_name":"left_arm","texture_size":[16,16],"textures":{"8dcc683a-b849-b5b7-951e-8dc5425a090d":"modelengine:entity/turtleduck_baby_texture"},"elements":[{"name":"upper","from":[7.2287865,7.6099997,7.7387867],"to":[8.128786,7.91,8.218787],"rotation":{"angle":0.0,"axis":"x","origin":[7.7593756,7.7,6.6793756]},"faces":{"down":{"uv":[0.0,11.0,1.0,12.0],"rotation":0,"texture":"#8dcc683a-b849-b5b7-951e-8dc5425a090d","tintindex":0},"east":{"uv":[10.0,6.0,11.0,7.0],"rotation":0,"texture":"#8dcc683a-b849-b5b7-951e-8dc5425a090d","tintindex":0},"north":{"uv":[10.0,5.0,11.0,6.0],"rotation":0,"texture":"#8dcc683a-b849-b5b7-951e-8dc5425a090d","tintindex":0},"south":{"uv":[10.0,7.0,11.0,8.0],"rotation":0,"texture":"#8dcc683a-b849-b5b7-951e-8dc5425a090d","tintindex":0},"up":{"uv":[11.0,10.0,10.0,9.0],"rotation":0,"texture":"#8dcc683a-b849-b5b7-951e-8dc5425a090d","tintindex":0},"west":{"uv":[10.0,8.0,11.0,9.0],"rotation":0,"texture":"#8dcc683a-b849-b5b7-951e-8dc5425a090d","tintindex":0}}},{"name":"lower","from":[6.8987865,7.7,7.7987866],"to":[7.2287865,7.8199997,8.158787],"rotation":{"angle":0.0,"axis":"x","origin":[7.2793756,7.7599998,6.619375]},"faces":{"down":{"uv":[6.0,11.0,7.0,12.0],"rotation":0,"texture":"#8dcc683a-b849-b5b7-951e-8dc5425a090d","tintindex":0},"east":{"uv":[2.0,11.0,3.0,12.0],"rotation":0,"texture":"#8dcc683a-b849-b5b7-951e-8dc5425a090d","tintindex":0},"north":{"uv":[1.0,11.0,2.0,12.0],"rotation":0,"texture":"#8dcc683a-b849-b5b7-951e-8dc5425a090d","tintindex":0},"south":{"uv":[3.0,11.0,4.0,12.0],"rotation":0,"texture":"#8dcc683a-b849-b5b7-951e-8dc5425a090d","tintindex":0},"up":{"uv":[6.0,12.0,5.0,11.0],"rotation":0,"texture":"#8dcc683a-b849-b5b7-951e-8dc5425a090d","tintindex":0},"west":{"uv":[4.0,11.0,5.0,12.0],"rotation":0,"texture":"#8dcc683a-b849-b5b7-951e-8dc5425a090d","tintindex":0}}},{"name":"finger_2","from":[6.6728377,7.7,7.7030635],"to":[7.002838,7.7599998,7.7630634],"rotation":{"angle":-22.5,"axis":"y","origin":[6.5593753,7.9399996,7.5793757]},"faces":{"down":{"uv":[11.0,0.0,12.0,1.0],"rotation":0,"texture":"#8dcc683a-b849-b5b7-951e-8dc5425a090d","tintindex":0},"east":{"uv":[8.0,11.0,9.0,12.0],"rotation":0,"texture":"#8dcc683a-b849-b5b7-951e-8dc5425a090d","tintindex":0},"north":{"uv":[7.0,11.0,8.0,12.0],"rotation":0,"texture":"#8dcc683a-b849-b5b7-951e-8dc5425a090d","tintindex":0},"south":{"uv":[9.0,11.0,10.0,12.0],"rotation":0,"texture":"#8dcc683a-b849-b5b7-951e-8dc5425a090d","tintindex":0},"up":{"uv":[12.0,12.0,11.0,11.0],"rotation":0,"texture":"#8dcc683a-b849-b5b7-951e-8dc5425a090d","tintindex":0},"west":{"uv":[10.0,11.0,11.0,12.0],"rotation":0,"texture":"#8dcc683a-b849-b5b7-951e-8dc5425a090d","tintindex":0}}},{"name":"inger_3","from":[6.538787,7.7,7.9487867],"to":[6.8987865,7.7599998,8.008787],"rotation":{"angle":0.0,"axis":"x","origin":[6.5593753,7.9399996,7.6693754]},"faces":{"down":{"uv":[11.0,6.0,12.0,7.0],"rotation":0,"texture":"#8dcc683a-b849-b5b7-951e-8dc5425a090d","tintindex":0},"east":{"uv":[11.0,2.0,12.0,3.0],"rotation":0,"texture":"#8dcc683a-b849-b5b7-951e-8dc5425a090d","tintindex":0},"north":{"uv":[11.0,1.0,12.0,2.0],"rotation":0,"texture":"#8dcc683a-b849-b5b7-951e-8dc5425a090d","tintindex":0},"south":{"uv":[11.0,3.0,12.0,4.0],"rotation":0,"texture":"#8dcc683a-b849-b5b7-951e-8dc5425a090d","tintindex":0},"up":{"uv":[12.0,6.0,11.0,5.0],"rotation":0,"texture":"#8dcc683a-b849-b5b7-951e-8dc5425a090d","tintindex":0},"west":{"uv":[11.0,4.0,12.0,5.0],"rotation":0,"texture":"#8dcc683a-b849-b5b7-951e-8dc5425a090d","tintindex":0}}},{"name":"finger_4","from":[6.4175053,7.7,8.135986],"to":[6.777505,7.7599998,8.195987],"rotation":{"angle":22.5,"axis":"y","origin":[6.5938168,7.9399996,7.752525]},"faces":{"down":{"uv":[1.0,12.0,2.0,13.0],"rotation":0,"texture":"#8dcc683a-b849-b5b7-951e-8dc5425a090d","tintindex":0},"east":{"uv":[11.0,8.0,12.0,9.0],"rotation":0,"texture":"#8dcc683a-b849-b5b7-951e-8dc5425a090d","tintindex":0},"north":{"uv":[11.0,7.0,12.0,8.0],"rotation":0,"texture":"#8dcc683a-b849-b5b7-951e-8dc5425a090d","tintindex":0},"south":{"uv":[11.0,9.0,12.0,10.0],"rotation":0,"texture":"#8dcc683a-b849-b5b7-951e-8dc5425a090d","tintindex":0},"up":{"uv":[1.0,13.0,0.0,12.0],"rotation":0,"texture":"#8dcc683a-b849-b5b7-951e-8dc5425a090d","tintindex":0},"west":{"uv":[11.0,10.0,12.0,11.0],"rotation":0,"texture":"#8dcc683a-b849-b5b7-951e-8dc5425a090d","tintindex":0}}},{"name":"finger_5","from":[6.276243,7.7,8.214951],"to":[6.636244,7.7599998,8.274951],"rotation":{"angle":45.0,"axis":"y","origin":[6.636244,7.9399996,7.794951]},"faces":{"down":{"uv":[7.0,12.0,8.0,13.0],"rotation":0,"texture":"#8dcc683a-b849-b5b7-951e-8dc5425a090d","tintindex":0},"east":{"uv":[3.0,12.0,4.0,13.0],"rotation":0,"texture":"#8dcc683a-b849-b5b7-951e-8dc5425a090d","tintindex":0},"north":{"uv":[2.0,12.0,3.0,13.0],"rotation":0,"texture":"#8dcc683a-b849-b5b7-951e-8dc5425a090d","tintindex":0},"south":{"uv":[4.0,12.0,5.0,13.0],"rotation":0,"texture":"#8dcc683a-b849-b5b7-951e-8dc5425a090d","tintindex":0},"up":{"uv":[7.0,13.0,6.0,12.0],"rotation":0,"texture":"#8dcc683a-b849-b5b7-951e-8dc5425a090d","tintindex":0},"west":{"uv":[5.0,12.0,6.0,13.0],"rotation":0,"texture":"#8dcc683a-b849-b5b7-951e-8dc5425a090d","tintindex":0}}},{"name":"webbing","from":[6.538787,7.7599998,7.708787],"to":[6.958787,7.7599998,8.398787],"rotation":{"angle":0.0,"axis":"x","origin":[6.5593753,7.9399996,7.6693754]},"faces":{"down":{"uv":[9.0,12.0,10.0,13.0],"rotation":0,"texture":"#8dcc683a-b849-b5b7-951e-8dc5425a090d","tintindex":0},"east":{"uv":[0.0,0.0,1.0,0.0],"rotation":0,"texture":"#8dcc683a-b849-b5b7-951e-8dc5425a090d","tintindex":0},"north":{"uv":[0.0,0.0,1.0,0.0],"rotation":0,"texture":"#8dcc683a-b849-b5b7-951e-8dc5425a090d","tintindex":0},"south":{"uv":[0.0,0.0,1.0,0.0],"rotation":0,"texture":"#8dcc683a-b849-b5b7-951e-8dc5425a090d","tintindex":0},"up":{"uv":[9.0,13.0,8.0,12.0],"rotation":0,"texture":"#8dcc683a-b849-b5b7-951e-8dc5425a090d","tintindex":0},"west":{"uv":[0.0,0.0,1.0,0.0],"rotation":0,"texture":"#8dcc683a-b849-b5b7-951e-8dc5425a090d","tintindex":0}}}],"display":{"head":{"translation":[0.0,-6.4,0.0],"rotation":[0.0,0.0,0.0],"scale":[3.8095,3.8095,3.8095]},"gui":{"translation":[0.0,0.0,0.0],"rotation":[35.0,225.0,0.0],"scale":[0.625,0.625,0.625]}}}