{"file_name":"left_leg","texture_size":[16,16],"textures":{"8dcc683a-b849-b5b7-951e-8dc5425a090d":"modelengine:entity/turtleduck_baby_texture"},"elements":[{"name":"upper","from":[7.25,7.6099997,7.7599998],"to":[8.15,7.91,8.24],"rotation":{"angle":0.0,"axis":"x","origin":[8.12,7.7,7.04]},"faces":{"down":{"uv":[12.0,2.0,13.0,3.0],"rotation":0,"texture":"#8dcc683a-b849-b5b7-951e-8dc5425a090d","tintindex":0},"east":{"uv":[11.0,12.0,12.0,13.0],"rotation":0,"texture":"#8dcc683a-b849-b5b7-951e-8dc5425a090d","tintindex":0},"north":{"uv":[10.0,12.0,11.0,13.0],"rotation":0,"texture":"#8dcc683a-b849-b5b7-951e-8dc5425a090d","tintindex":0},"south":{"uv":[12.0,12.0,13.0,13.0],"rotation":0,"texture":"#8dcc683a-b849-b5b7-951e-8dc5425a090d","tintindex":0},"up":{"uv":[13.0,2.0,12.0,1.0],"rotation":0,"texture":"#8dcc683a-b849-b5b7-951e-8dc5425a090d","tintindex":0},"west":{"uv":[12.0,0.0,13.0,1.0],"rotation":0,"texture":"#8dcc683a-b849-b5b7-951e-8dc5425a090d","tintindex":0}}},{"name":"lower","from":[6.92,7.7,7.8199997],"to":[7.25,7.8199997,8.18],"rotation":{"angle":0.0,"axis":"x","origin":[7.64,7.7599998,6.98]},"faces":{"down":{"uv":[12.0,8.0,13.0,9.0],"rotation":0,"texture":"#8dcc683a-b849-b5b7-951e-8dc5425a090d","tintindex":0},"east":{"uv":[12.0,4.0,13.0,5.0],"rotation":0,"texture":"#8dcc683a-b849-b5b7-951e-8dc5425a090d","tintindex":0},"north":{"uv":[12.0,3.0,13.0,4.0],"rotation":0,"texture":"#8dcc683a-b849-b5b7-951e-8dc5425a090d","tintindex":0},"south":{"uv":[12.0,5.0,13.0,6.0],"rotation":0,"texture":"#8dcc683a-b849-b5b7-951e-8dc5425a090d","tintindex":0},"up":{"uv":[13.0,8.0,12.0,7.0],"rotation":0,"texture":"#8dcc683a-b849-b5b7-951e-8dc5425a090d","tintindex":0},"west":{"uv":[12.0,6.0,13.0,7.0],"rotation":0,"texture":"#8dcc683a-b849-b5b7-951e-8dc5425a090d","tintindex":0}}},{"name":"finger_3","from":[6.59,7.7,7.88],"to":[6.92,7.7599998,7.9399996],"rotation":{"angle":-22.5,"axis":"y","origin":[6.92,7.9399996,7.9399996]},"faces":{"down":{"uv":[2.0,13.0,3.0,14.0],"rotation":0,"texture":"#8dcc683a-b849-b5b7-951e-8dc5425a090d","tintindex":0},"east":{"uv":[12.0,10.0,13.0,11.0],"rotation":0,"texture":"#8dcc683a-b849-b5b7-951e-8dc5425a090d","tintindex":0},"north":{"uv":[12.0,9.0,13.0,10.0],"rotation":0,"texture":"#8dcc683a-b849-b5b7-951e-8dc5425a090d","tintindex":0},"south":{"uv":[12.0,11.0,13.0,12.0],"rotation":0,"texture":"#8dcc683a-b849-b5b7-951e-8dc5425a090d","tintindex":0},"up":{"uv":[2.0,14.0,1.0,13.0],"rotation":0,"texture":"#8dcc683a-b849-b5b7-951e-8dc5425a090d","tintindex":0},"west":{"uv":[0.0,13.0,1.0,14.0],"rotation":0,"texture":"#8dcc683a-b849-b5b7-951e-8dc5425a090d","tintindex":0}}},{"name":"inger_4","from":[6.5600004,7.7,7.97],"to":[6.92,7.7599998,8.030001],"rotation":{"angle":0.0,"axis":"x","origin":[6.92,7.9399996,8.030001]},"faces":{"down":{"uv":[8.0,13.0,9.0,14.0],"rotation":0,"texture":"#8dcc683a-b849-b5b7-951e-8dc5425a090d","tintindex":0},"east":{"uv":[4.0,13.0,5.0,14.0],"rotation":0,"texture":"#8dcc683a-b849-b5b7-951e-8dc5425a090d","tintindex":0},"north":{"uv":[3.0,13.0,4.0,14.0],"rotation":0,"texture":"#8dcc683a-b849-b5b7-951e-8dc5425a090d","tintindex":0},"south":{"uv":[5.0,13.0,6.0,14.0],"rotation":0,"texture":"#8dcc683a-b849-b5b7-951e-8dc5425a090d","tintindex":0},"up":{"uv":[8.0,14.0,7.0,13.0],"rotation":0,"texture":"#8dcc683a-b849-b5b7-951e-8dc5425a090d","tintindex":0},"west":{"uv":[6.0,13.0,7.0,14.0],"rotation":0,"texture":"#8dcc683a-b849-b5b7-951e-8dc5425a090d","tintindex":0}}},{"name":"finger_5","from":[6.5944414,7.7,8.053149],"to":[6.954441,7.7599998,8.113149],"rotation":{"angle":22.5,"axis":"y","origin":[6.954441,7.9399996,8.113149]},"faces":{"down":{"uv":[13.0,0.0,14.0,1.0],"rotation":0,"texture":"#8dcc683a-b849-b5b7-951e-8dc5425a090d","tintindex":0},"east":{"uv":[10.0,13.0,11.0,14.0],"rotation":0,"texture":"#8dcc683a-b849-b5b7-951e-8dc5425a090d","tintindex":0},"north":{"uv":[9.0,13.0,10.0,14.0],"rotation":0,"texture":"#8dcc683a-b849-b5b7-951e-8dc5425a090d","tintindex":0},"south":{"uv":[11.0,13.0,12.0,14.0],"rotation":0,"texture":"#8dcc683a-b849-b5b7-951e-8dc5425a090d","tintindex":0},"up":{"uv":[14.0,14.0,13.0,13.0],"rotation":0,"texture":"#8dcc683a-b849-b5b7-951e-8dc5425a090d","tintindex":0},"west":{"uv":[12.0,13.0,13.0,14.0],"rotation":0,"texture":"#8dcc683a-b849-b5b7-951e-8dc5425a090d","tintindex":0}}},{"name":"finger_6","from":[6.6368675,7.7,8.095575],"to":[6.996868,7.7599998,8.155576],"rotation":{"angle":45.0,"axis":"y","origin":[6.996868,7.9399996,8.155576]},"faces":{"down":{"uv":[13.0,6.0,14.0,7.0],"rotation":0,"texture":"#8dcc683a-b849-b5b7-951e-8dc5425a090d","tintindex":0},"east":{"uv":[13.0,2.0,14.0,3.0],"rotation":0,"texture":"#8dcc683a-b849-b5b7-951e-8dc5425a090d","tintindex":0},"north":{"uv":[13.0,1.0,14.0,2.0],"rotation":0,"texture":"#8dcc683a-b849-b5b7-951e-8dc5425a090d","tintindex":0},"south":{"uv":[13.0,3.0,14.0,4.0],"rotation":0,"texture":"#8dcc683a-b849-b5b7-951e-8dc5425a090d","tintindex":0},"up":{"uv":[14.0,6.0,13.0,5.0],"rotation":0,"texture":"#8dcc683a-b849-b5b7-951e-8dc5425a090d","tintindex":0},"west":{"uv":[13.0,4.0,14.0,5.0],"rotation":0,"texture":"#8dcc683a-b849-b5b7-951e-8dc5425a090d","tintindex":0}}},{"name":"webbing","from":[6.5600004,7.7599998,7.73],"to":[6.98,7.7599998,8.42],"rotation":{"angle":0.0,"axis":"x","origin":[6.92,7.9399996,8.030001]},"faces":{"down":{"uv":[13.0,8.0,14.0,9.0],"rotation":0,"texture":"#8dcc683a-b849-b5b7-951e-8dc5425a090d","tintindex":0},"east":{"uv":[0.0,0.0,1.0,0.0],"rotation":0,"texture":"#8dcc683a-b849-b5b7-951e-8dc5425a090d","tintindex":0},"north":{"uv":[0.0,0.0,1.0,0.0],"rotation":0,"texture":"#8dcc683a-b849-b5b7-951e-8dc5425a090d","tintindex":0},"south":{"uv":[0.0,0.0,1.0,0.0],"rotation":0,"texture":"#8dcc683a-b849-b5b7-951e-8dc5425a090d","tintindex":0},"up":{"uv":[14.0,8.0,13.0,7.0],"rotation":0,"texture":"#8dcc683a-b849-b5b7-951e-8dc5425a090d","tintindex":0},"west":{"uv":[0.0,0.0,1.0,0.0],"rotation":0,"texture":"#8dcc683a-b849-b5b7-951e-8dc5425a090d","tintindex":0}}}],"display":{"head":{"translation":[0.0,-6.4,0.0],"rotation":[0.0,0.0,0.0],"scale":[3.8095,3.8095,3.8095]},"gui":{"translation":[0.0,0.0,0.0],"rotation":[35.0,225.0,0.0],"scale":[0.625,0.625,0.625]}}}