{"file_name":"mouth_lower","texture_size":[16,16],"textures":{"8dcc683a-b849-b5b7-951e-8dc5425a090d":"modelengine:entity/turtleduck_baby_texture"},"elements":[{"name":"mouth_lower","from":[7.7599998,7.6400003,7.55],"to":[8.24,7.88,8.06],"rotation":{"angle":0.0,"axis":"x","origin":[7.31,7.52,6.8]},"faces":{"down":{"uv":[8.0,4.0,9.0,5.0],"rotation":0,"texture":"#8dcc683a-b849-b5b7-951e-8dc5425a090d","tintindex":0},"east":{"uv":[8.0,0.0,9.0,1.0],"rotation":0,"texture":"#8dcc683a-b849-b5b7-951e-8dc5425a090d","tintindex":0},"north":{"uv":[8.0,8.0,9.0,9.0],"rotation":0,"texture":"#8dcc683a-b849-b5b7-951e-8dc5425a090d","tintindex":0},"south":{"uv":[8.0,1.0,9.0,2.0],"rotation":0,"texture":"#8dcc683a-b849-b5b7-951e-8dc5425a090d","tintindex":0},"up":{"uv":[9.0,4.0,8.0,3.0],"rotation":0,"texture":"#8dcc683a-b849-b5b7-951e-8dc5425a090d","tintindex":0},"west":{"uv":[8.0,2.0,9.0,3.0],"rotation":0,"texture":"#8dcc683a-b849-b5b7-951e-8dc5425a090d","tintindex":0}}}],"display":{"head":{"translation":[0.0,-6.4,0.0],"rotation":[0.0,0.0,0.0],"scale":[3.8095,3.8095,3.8095]},"gui":{"translation":[0.0,0.0,0.0],"rotation":[35.0,225.0,0.0],"scale":[0.625,0.625,0.625]}}}