{"file_name":"neck_top","texture_size":[16,16],"textures":{"8dcc683a-b849-b5b7-951e-8dc5425a090d":"modelengine:entity/turtleduck_baby_texture"},"elements":[{"name":"cube","from":[7.8199997,7.4300003,7.97],"to":[8.18,8.36,8.42],"rotation":{"angle":0.0,"axis":"x","origin":[7.28,7.7599998,7.34]},"faces":{"down":{"uv":[7.0,7.0,8.0,8.0],"rotation":0,"texture":"#8dcc683a-b849-b5b7-951e-8dc5425a090d","tintindex":0},"east":{"uv":[3.0,7.0,4.0,8.0],"rotation":0,"texture":"#8dcc683a-b849-b5b7-951e-8dc5425a090d","tintindex":0},"north":{"uv":[2.0,7.0,3.0,8.0],"rotation":0,"texture":"#8dcc683a-b849-b5b7-951e-8dc5425a090d","tintindex":0},"south":{"uv":[4.0,7.0,5.0,8.0],"rotation":0,"texture":"#8dcc683a-b849-b5b7-951e-8dc5425a090d","tintindex":0},"up":{"uv":[7.0,8.0,6.0,7.0],"rotation":0,"texture":"#8dcc683a-b849-b5b7-951e-8dc5425a090d","tintindex":0},"west":{"uv":[5.0,7.0,6.0,8.0],"rotation":0,"texture":"#8dcc683a-b849-b5b7-951e-8dc5425a090d","tintindex":0}}}],"display":{"head":{"translation":[0.0,-6.4,0.0],"rotation":[0.0,0.0,0.0],"scale":[3.8095,3.8095,3.8095]},"gui":{"translation":[0.0,0.0,0.0],"rotation":[35.0,225.0,0.0],"scale":[0.625,0.625,0.625]}}}