{"file_name":"right_leg","texture_size":[16,16],"textures":{"8dcc683a-b849-b5b7-951e-8dc5425a090d":"modelengine:entity/turtleduck_baby_texture"},"elements":[{"name":"upper","from":[7.85,7.6099997,7.7599998],"to":[8.75,7.91,8.24],"rotation":{"angle":0.0,"axis":"x","origin":[7.88,7.7,7.04]},"faces":{"down":{"uv":[1.0,14.0,2.0,15.0],"rotation":0,"texture":"#8dcc683a-b849-b5b7-951e-8dc5425a090d","tintindex":0},"east":{"uv":[13.0,10.0,14.0,11.0],"rotation":0,"texture":"#8dcc683a-b849-b5b7-951e-8dc5425a090d","tintindex":0},"north":{"uv":[13.0,9.0,14.0,10.0],"rotation":0,"texture":"#8dcc683a-b849-b5b7-951e-8dc5425a090d","tintindex":0},"south":{"uv":[13.0,11.0,14.0,12.0],"rotation":0,"texture":"#8dcc683a-b849-b5b7-951e-8dc5425a090d","tintindex":0},"up":{"uv":[1.0,15.0,0.0,14.0],"rotation":0,"texture":"#8dcc683a-b849-b5b7-951e-8dc5425a090d","tintindex":0},"west":{"uv":[13.0,12.0,14.0,13.0],"rotation":0,"texture":"#8dcc683a-b849-b5b7-951e-8dc5425a090d","tintindex":0}}},{"name":"lower","from":[8.75,7.7,7.8199997],"to":[9.08,7.8199997,8.18],"rotation":{"angle":0.0,"axis":"x","origin":[8.360001,7.7599998,6.98]},"faces":{"down":{"uv":[7.0,14.0,8.0,15.0],"rotation":0,"texture":"#8dcc683a-b849-b5b7-951e-8dc5425a090d","tintindex":0},"east":{"uv":[3.0,14.0,4.0,15.0],"rotation":0,"texture":"#8dcc683a-b849-b5b7-951e-8dc5425a090d","tintindex":0},"north":{"uv":[2.0,14.0,3.0,15.0],"rotation":0,"texture":"#8dcc683a-b849-b5b7-951e-8dc5425a090d","tintindex":0},"south":{"uv":[4.0,14.0,5.0,15.0],"rotation":0,"texture":"#8dcc683a-b849-b5b7-951e-8dc5425a090d","tintindex":0},"up":{"uv":[7.0,15.0,6.0,14.0],"rotation":0,"texture":"#8dcc683a-b849-b5b7-951e-8dc5425a090d","tintindex":0},"west":{"uv":[5.0,14.0,6.0,15.0],"rotation":0,"texture":"#8dcc683a-b849-b5b7-951e-8dc5425a090d","tintindex":0}}},{"name":"finger_4","from":[9.08,7.7,7.88],"to":[9.41,7.7599998,7.9399996],"rotation":{"angle":22.5,"axis":"y","origin":[9.08,7.9399996,7.9399996]},"faces":{"down":{"uv":[13.0,14.0,14.0,15.0],"rotation":0,"texture":"#8dcc683a-b849-b5b7-951e-8dc5425a090d","tintindex":0},"east":{"uv":[9.0,14.0,10.0,15.0],"rotation":0,"texture":"#8dcc683a-b849-b5b7-951e-8dc5425a090d","tintindex":0},"north":{"uv":[8.0,14.0,9.0,15.0],"rotation":0,"texture":"#8dcc683a-b849-b5b7-951e-8dc5425a090d","tintindex":0},"south":{"uv":[10.0,14.0,11.0,15.0],"rotation":0,"texture":"#8dcc683a-b849-b5b7-951e-8dc5425a090d","tintindex":0},"up":{"uv":[13.0,15.0,12.0,14.0],"rotation":0,"texture":"#8dcc683a-b849-b5b7-951e-8dc5425a090d","tintindex":0},"west":{"uv":[11.0,14.0,12.0,15.0],"rotation":0,"texture":"#8dcc683a-b849-b5b7-951e-8dc5425a090d","tintindex":0}}},{"name":"inger_5","from":[9.08,7.7,7.97],"to":[9.440001,7.7599998,8.030001],"rotation":{"angle":0.0,"axis":"x","origin":[9.08,7.9399996,8.030001]},"faces":{"down":{"uv":[14.0,4.0,15.0,5.0],"rotation":0,"texture":"#8dcc683a-b849-b5b7-951e-8dc5425a090d","tintindex":0},"east":{"uv":[14.0,0.0,15.0,1.0],"rotation":0,"texture":"#8dcc683a-b849-b5b7-951e-8dc5425a090d","tintindex":0},"north":{"uv":[14.0,14.0,15.0,15.0],"rotation":0,"texture":"#8dcc683a-b849-b5b7-951e-8dc5425a090d","tintindex":0},"south":{"uv":[14.0,1.0,15.0,2.0],"rotation":0,"texture":"#8dcc683a-b849-b5b7-951e-8dc5425a090d","tintindex":0},"up":{"uv":[15.0,4.0,14.0,3.0],"rotation":0,"texture":"#8dcc683a-b849-b5b7-951e-8dc5425a090d","tintindex":0},"west":{"uv":[14.0,2.0,15.0,3.0],"rotation":0,"texture":"#8dcc683a-b849-b5b7-951e-8dc5425a090d","tintindex":0}}},{"name":"finger_6","from":[9.045559,7.7,8.053149],"to":[9.40556,7.7599998,8.113149],"rotation":{"angle":-22.5,"axis":"y","origin":[9.045559,7.9399996,8.113149]},"faces":{"down":{"uv":[14.0,10.0,15.0,11.0],"rotation":0,"texture":"#8dcc683a-b849-b5b7-951e-8dc5425a090d","tintindex":0},"east":{"uv":[14.0,6.0,15.0,7.0],"rotation":0,"texture":"#8dcc683a-b849-b5b7-951e-8dc5425a090d","tintindex":0},"north":{"uv":[14.0,5.0,15.0,6.0],"rotation":0,"texture":"#8dcc683a-b849-b5b7-951e-8dc5425a090d","tintindex":0},"south":{"uv":[14.0,7.0,15.0,8.0],"rotation":0,"texture":"#8dcc683a-b849-b5b7-951e-8dc5425a090d","tintindex":0},"up":{"uv":[15.0,10.0,14.0,9.0],"rotation":0,"texture":"#8dcc683a-b849-b5b7-951e-8dc5425a090d","tintindex":0},"west":{"uv":[14.0,8.0,15.0,9.0],"rotation":0,"texture":"#8dcc683a-b849-b5b7-951e-8dc5425a090d","tintindex":0}}},{"name":"finger_7","from":[9.003132,7.7,8.095575],"to":[9.363132,7.7599998,8.155576],"rotation":{"angle":-45.0,"axis":"y","origin":[9.003132,7.9399996,8.155576]},"faces":{"down":{"uv":[2.0,15.0,3.0,16.0],"rotation":0,"texture":"#8dcc683a-b849-b5b7-951e-8dc5425a090d","tintindex":0},"east":{"uv":[14.0,12.0,15.0,13.0],"rotation":0,"texture":"#8dcc683a-b849-b5b7-951e-8dc5425a090d","tintindex":0},"north":{"uv":[14.0,11.0,15.0,12.0],"rotation":0,"texture":"#8dcc683a-b849-b5b7-951e-8dc5425a090d","tintindex":0},"south":{"uv":[14.0,13.0,15.0,14.0],"rotation":0,"texture":"#8dcc683a-b849-b5b7-951e-8dc5425a090d","tintindex":0},"up":{"uv":[2.0,16.0,1.0,15.0],"rotation":0,"texture":"#8dcc683a-b849-b5b7-951e-8dc5425a090d","tintindex":0},"west":{"uv":[0.0,15.0,1.0,16.0],"rotation":0,"texture":"#8dcc683a-b849-b5b7-951e-8dc5425a090d","tintindex":0}}},{"name":"webbing","from":[9.02,7.7599998,7.73],"to":[9.440001,7.7599998,8.42],"rotation":{"angle":0.0,"axis":"x","origin":[9.08,7.9399996,8.030001]},"faces":{"down":{"uv":[4.0,15.0,5.0,16.0],"rotation":0,"texture":"#8dcc683a-b849-b5b7-951e-8dc5425a090d","tintindex":0},"east":{"uv":[0.0,0.0,1.0,0.0],"rotation":0,"texture":"#8dcc683a-b849-b5b7-951e-8dc5425a090d","tintindex":0},"north":{"uv":[0.0,0.0,1.0,0.0],"rotation":0,"texture":"#8dcc683a-b849-b5b7-951e-8dc5425a090d","tintindex":0},"south":{"uv":[0.0,0.0,1.0,0.0],"rotation":0,"texture":"#8dcc683a-b849-b5b7-951e-8dc5425a090d","tintindex":0},"up":{"uv":[4.0,16.0,3.0,15.0],"rotation":0,"texture":"#8dcc683a-b849-b5b7-951e-8dc5425a090d","tintindex":0},"west":{"uv":[0.0,0.0,1.0,0.0],"rotation":0,"texture":"#8dcc683a-b849-b5b7-951e-8dc5425a090d","tintindex":0}}}],"display":{"head":{"translation":[0.0,-6.4,0.0],"rotation":[0.0,0.0,0.0],"scale":[3.8095,3.8095,3.8095]},"gui":{"translation":[0.0,0.0,0.0],"rotation":[35.0,225.0,0.0],"scale":[0.625,0.625,0.625]}}}