{"file_name":"right_arm","texture_size":[16,16],"textures":{"8dcc683a-b849-b5b7-951e-8dc5425a090d":"modelengine:entity/turtleduck_baby_texture"},"elements":[{"name":"upper","from":[7.8712134,7.6099997,7.7387867],"to":[8.771214,7.91,8.218787],"rotation":{"angle":0.0,"axis":"x","origin":[8.240624,7.7,6.6793756]},"faces":{"down":{"uv":[2.0,9.0,3.0,10.0],"rotation":0,"texture":"#8dcc683a-b849-b5b7-951e-8dc5425a090d","tintindex":0},"east":{"uv":[8.0,6.0,9.0,7.0],"rotation":0,"texture":"#8dcc683a-b849-b5b7-951e-8dc5425a090d","tintindex":0},"north":{"uv":[8.0,5.0,9.0,6.0],"rotation":0,"texture":"#8dcc683a-b849-b5b7-951e-8dc5425a090d","tintindex":0},"south":{"uv":[8.0,7.0,9.0,8.0],"rotation":0,"texture":"#8dcc683a-b849-b5b7-951e-8dc5425a090d","tintindex":0},"up":{"uv":[2.0,10.0,1.0,9.0],"rotation":0,"texture":"#8dcc683a-b849-b5b7-951e-8dc5425a090d","tintindex":0},"west":{"uv":[0.0,9.0,1.0,10.0],"rotation":0,"texture":"#8dcc683a-b849-b5b7-951e-8dc5425a090d","tintindex":0}}},{"name":"lower","from":[8.771214,7.7,7.7987866],"to":[9.101213,7.8199997,8.158787],"rotation":{"angle":0.0,"axis":"x","origin":[8.720624,7.7599998,6.619375]},"faces":{"down":{"uv":[8.0,9.0,9.0,10.0],"rotation":0,"texture":"#8dcc683a-b849-b5b7-951e-8dc5425a090d","tintindex":0},"east":{"uv":[4.0,9.0,5.0,10.0],"rotation":0,"texture":"#8dcc683a-b849-b5b7-951e-8dc5425a090d","tintindex":0},"north":{"uv":[3.0,9.0,4.0,10.0],"rotation":0,"texture":"#8dcc683a-b849-b5b7-951e-8dc5425a090d","tintindex":0},"south":{"uv":[5.0,9.0,6.0,10.0],"rotation":0,"texture":"#8dcc683a-b849-b5b7-951e-8dc5425a090d","tintindex":0},"up":{"uv":[8.0,10.0,7.0,9.0],"rotation":0,"texture":"#8dcc683a-b849-b5b7-951e-8dc5425a090d","tintindex":0},"west":{"uv":[6.0,9.0,7.0,10.0],"rotation":0,"texture":"#8dcc683a-b849-b5b7-951e-8dc5425a090d","tintindex":0}}},{"name":"finger_1","from":[8.997162,7.7,7.7030635],"to":[9.327162,7.7599998,7.7630634],"rotation":{"angle":22.5,"axis":"y","origin":[9.440624,7.9399996,7.5793757]},"faces":{"down":{"uv":[7.0,10.0,8.0,11.0],"rotation":0,"texture":"#8dcc683a-b849-b5b7-951e-8dc5425a090d","tintindex":0},"east":{"uv":[3.0,10.0,4.0,11.0],"rotation":0,"texture":"#8dcc683a-b849-b5b7-951e-8dc5425a090d","tintindex":0},"north":{"uv":[2.0,10.0,3.0,11.0],"rotation":0,"texture":"#8dcc683a-b849-b5b7-951e-8dc5425a090d","tintindex":0},"south":{"uv":[4.0,10.0,5.0,11.0],"rotation":0,"texture":"#8dcc683a-b849-b5b7-951e-8dc5425a090d","tintindex":0},"up":{"uv":[7.0,11.0,6.0,10.0],"rotation":0,"texture":"#8dcc683a-b849-b5b7-951e-8dc5425a090d","tintindex":0},"west":{"uv":[5.0,10.0,6.0,11.0],"rotation":0,"texture":"#8dcc683a-b849-b5b7-951e-8dc5425a090d","tintindex":0}}},{"name":"inger_2","from":[9.101213,7.7,7.9487867],"to":[9.461213,7.7599998,8.008787],"rotation":{"angle":0.0,"axis":"x","origin":[9.440624,7.9399996,7.6693754]},"faces":{"down":{"uv":[9.0,4.0,10.0,5.0],"rotation":0,"texture":"#8dcc683a-b849-b5b7-951e-8dc5425a090d","tintindex":0},"east":{"uv":[9.0,0.0,10.0,1.0],"rotation":0,"texture":"#8dcc683a-b849-b5b7-951e-8dc5425a090d","tintindex":0},"north":{"uv":[9.0,9.0,10.0,10.0],"rotation":0,"texture":"#8dcc683a-b849-b5b7-951e-8dc5425a090d","tintindex":0},"south":{"uv":[9.0,1.0,10.0,2.0],"rotation":0,"texture":"#8dcc683a-b849-b5b7-951e-8dc5425a090d","tintindex":0},"up":{"uv":[10.0,4.0,9.0,3.0],"rotation":0,"texture":"#8dcc683a-b849-b5b7-951e-8dc5425a090d","tintindex":0},"west":{"uv":[9.0,2.0,10.0,3.0],"rotation":0,"texture":"#8dcc683a-b849-b5b7-951e-8dc5425a090d","tintindex":0}}},{"name":"finger_3","from":[9.222495,7.7,8.135986],"to":[9.582495,7.7599998,8.195987],"rotation":{"angle":-22.5,"axis":"y","origin":[9.406183,7.9399996,7.752525]},"faces":{"down":{"uv":[1.0,10.0,2.0,11.0],"rotation":0,"texture":"#8dcc683a-b849-b5b7-951e-8dc5425a090d","tintindex":0},"east":{"uv":[9.0,6.0,10.0,7.0],"rotation":0,"texture":"#8dcc683a-b849-b5b7-951e-8dc5425a090d","tintindex":0},"north":{"uv":[9.0,5.0,10.0,6.0],"rotation":0,"texture":"#8dcc683a-b849-b5b7-951e-8dc5425a090d","tintindex":0},"south":{"uv":[9.0,7.0,10.0,8.0],"rotation":0,"texture":"#8dcc683a-b849-b5b7-951e-8dc5425a090d","tintindex":0},"up":{"uv":[1.0,11.0,0.0,10.0],"rotation":0,"texture":"#8dcc683a-b849-b5b7-951e-8dc5425a090d","tintindex":0},"west":{"uv":[9.0,8.0,10.0,9.0],"rotation":0,"texture":"#8dcc683a-b849-b5b7-951e-8dc5425a090d","tintindex":0}}},{"name":"finger_4","from":[9.363756,7.7,8.214951],"to":[9.723757,7.7599998,8.274951],"rotation":{"angle":-45.0,"axis":"y","origin":[9.363756,7.9399996,7.794951]},"faces":{"down":{"uv":[10.0,4.0,11.0,5.0],"rotation":0,"texture":"#8dcc683a-b849-b5b7-951e-8dc5425a090d","tintindex":0},"east":{"uv":[10.0,0.0,11.0,1.0],"rotation":0,"texture":"#8dcc683a-b849-b5b7-951e-8dc5425a090d","tintindex":0},"north":{"uv":[10.0,10.0,11.0,11.0],"rotation":0,"texture":"#8dcc683a-b849-b5b7-951e-8dc5425a090d","tintindex":0},"south":{"uv":[10.0,1.0,11.0,2.0],"rotation":0,"texture":"#8dcc683a-b849-b5b7-951e-8dc5425a090d","tintindex":0},"up":{"uv":[11.0,4.0,10.0,3.0],"rotation":0,"texture":"#8dcc683a-b849-b5b7-951e-8dc5425a090d","tintindex":0},"west":{"uv":[10.0,2.0,11.0,3.0],"rotation":0,"texture":"#8dcc683a-b849-b5b7-951e-8dc5425a090d","tintindex":0}}},{"name":"webbing","from":[9.041213,7.7599998,7.708787],"to":[9.461213,7.7599998,8.398787],"rotation":{"angle":0.0,"axis":"x","origin":[9.440624,7.9399996,7.6693754]},"faces":{"down":{"uv":[9.0,10.0,10.0,11.0],"rotation":0,"texture":"#8dcc683a-b849-b5b7-951e-8dc5425a090d","tintindex":0},"east":{"uv":[0.0,0.0,1.0,0.0],"rotation":0,"texture":"#8dcc683a-b849-b5b7-951e-8dc5425a090d","tintindex":0},"north":{"uv":[0.0,0.0,1.0,0.0],"rotation":0,"texture":"#8dcc683a-b849-b5b7-951e-8dc5425a090d","tintindex":0},"south":{"uv":[0.0,0.0,1.0,0.0],"rotation":0,"texture":"#8dcc683a-b849-b5b7-951e-8dc5425a090d","tintindex":0},"up":{"uv":[9.0,11.0,8.0,10.0],"rotation":0,"texture":"#8dcc683a-b849-b5b7-951e-8dc5425a090d","tintindex":0},"west":{"uv":[0.0,0.0,1.0,0.0],"rotation":0,"texture":"#8dcc683a-b849-b5b7-951e-8dc5425a090d","tintindex":0}}}],"display":{"head":{"translation":[0.0,-6.4,0.0],"rotation":[0.0,0.0,0.0],"scale":[3.8095,3.8095,3.8095]},"gui":{"translation":[0.0,0.0,0.0],"rotation":[35.0,225.0,0.0],"scale":[0.625,0.625,0.625]}}}