{"file_name":"tail","texture_size":[16,16],"textures":{"8dcc683a-b849-b5b7-951e-8dc5425a090d":"modelengine:entity/turtleduck_baby_texture"},"elements":[{"name":"tail","from":[7.55,7.7681775,7.967883],"to":[8.45,8.128178,8.927883],"rotation":{"angle":0.0,"axis":"x","origin":[7.7599998,7.16,6.59]},"faces":{"down":{"uv":[10.0,15.0,11.0,16.0],"rotation":0,"texture":"#8dcc683a-b849-b5b7-951e-8dc5425a090d","tintindex":0},"east":{"uv":[6.0,15.0,7.0,16.0],"rotation":0,"texture":"#8dcc683a-b849-b5b7-951e-8dc5425a090d","tintindex":0},"north":{"uv":[5.0,15.0,6.0,16.0],"rotation":0,"texture":"#8dcc683a-b849-b5b7-951e-8dc5425a090d","tintindex":0},"south":{"uv":[7.0,15.0,8.0,16.0],"rotation":0,"texture":"#8dcc683a-b849-b5b7-951e-8dc5425a090d","tintindex":0},"up":{"uv":[10.0,16.0,9.0,15.0],"rotation":0,"texture":"#8dcc683a-b849-b5b7-951e-8dc5425a090d","tintindex":0},"west":{"uv":[8.0,15.0,9.0,16.0],"rotation":0,"texture":"#8dcc683a-b849-b5b7-951e-8dc5425a090d","tintindex":0}}},{"name":"tail","from":[7.7599998,7.944296,8.838704],"to":[8.24,8.184296,9.318705],"rotation":{"angle":-22.5,"axis":"x","origin":[8.0,8.082013,9.217268]},"faces":{"down":{"uv":[15.0,0.0,16.0,1.0],"rotation":0,"texture":"#8dcc683a-b849-b5b7-951e-8dc5425a090d","tintindex":0},"east":{"uv":[12.0,15.0,13.0,16.0],"rotation":0,"texture":"#8dcc683a-b849-b5b7-951e-8dc5425a090d","tintindex":0},"north":{"uv":[11.0,15.0,12.0,16.0],"rotation":0,"texture":"#8dcc683a-b849-b5b7-951e-8dc5425a090d","tintindex":0},"south":{"uv":[13.0,15.0,14.0,16.0],"rotation":0,"texture":"#8dcc683a-b849-b5b7-951e-8dc5425a090d","tintindex":0},"up":{"uv":[16.0,16.0,15.0,15.0],"rotation":0,"texture":"#8dcc683a-b849-b5b7-951e-8dc5425a090d","tintindex":0},"west":{"uv":[14.0,15.0,15.0,16.0],"rotation":0,"texture":"#8dcc683a-b849-b5b7-951e-8dc5425a090d","tintindex":0}}}],"display":{"head":{"translation":[0.0,-6.4,0.0],"rotation":[0.0,0.0,0.0],"scale":[3.8095,3.8095,3.8095]},"gui":{"translation":[0.0,0.0,0.0],"rotation":[35.0,225.0,0.0],"scale":[0.625,0.625,0.625]}}}